{"packFileHash":{"type":"sha256","value":"e8d17fdd917ee9856c371054cd0544a064d31ec329c342a0ec3d0ca84708e667"},"indexFileHash":{"type":"sha256","value":"e60595bbbcd70983162f1c6de506a5894fc23062c2ca466f1a28dceaf3582bc3"},"cachedFiles":{"mods/macaws-bridges.pw.toml":{"hash":{"type":"sha256","value":"40f950d4eea90106253e7ee30599a86e03c23e37910ebc5d87db4fa574645fa1"},"linkedFileHash":{"type":"sha512","value":"06fa00a2b8e8198d79d1d1328d542e21e5213b3ea9c3b75089e136c8ff1299b39daae04680db293e343c5d2bdbc5a1f887cb6d4e3a2890af76604ce470740c69"},"cachedLocation":"mods/mcw-bridges-3.1.0-mc1.21.4fabric.jar","optionValue":true},"resourcepacks/willows-scary-cave-sounds.pw.toml":{"hash":{"type":"sha256","value":"813acc3118730e2d29fc78ba0b4451a6333a7373503385da3b27de6e68601ec5"},"linkedFileHash":{"type":"sha512","value":"e79f171c265a0a58b3a117aabb9b42ec53b6916e8e5bef26c4ba2e4d90cdc116c86fc88836e7da52f7a1a04248b09fa44117aceec3e78bfad83c2e1b89c4405f"},"cachedLocation":"resourcepacks/willowscavesounds.zip","optionValue":true},"mods/oh-the-trees-youll-grow.pw.toml":{"hash":{"type":"sha256","value":"915e14e32cd86023ba64d8f329a7cf3f29b2c58d646dc3a1e2cfd75903dd0066"},"linkedFileHash":{"type":"sha512","value":"102591d184ca56a08ae049e638fe352049932a874e942e5042667564ebec6447aa559c739a90db85feda474fed79b464d3d7699e0472493e7f7ee0f0aa2a0faa"},"cachedLocation":"mods/Oh-The-Trees-Youll-Grow-fabric-1.21.4-6.0.8.jar","optionValue":true},"mods/yungs-menu-tweaks.pw.toml":{"hash":{"type":"sha256","value":"033dcb3c6b4efbd2e5aaa4c87548ff96ecb24f56a9d41bd567d25bfea990dfb0"},"linkedFileHash":{"type":"sha512","value":"9d29392b84299159824ab5360620b45c145ad6a72262c0f1cb0863ce3555c051df1f3a6a61980c5bbe57ef19dcebb1a819be864bd37aba5c71b85e8bd5e2943d"},"cachedLocation":"mods/YungsMenuTweaks-1.21.4-Fabric-2.4.0.jar","optionValue":true},"mods/mru.pw.toml":{"hash":{"type":"sha256","value":"c71075106b0f5ddc29718d90e923c62388e4b17d741ff34a3cfa1cddaa43b86e"},"linkedFileHash":{"type":"sha512","value":"c3be50053ebc5419b2dd187e974394367991f8f4b0adf4bceafff6dc24c0efd158b78e089fecfc0305cf34ebea98e8055aa26db705d7e27d091371828ce527f1"},"cachedLocation":"mods/mru-1.0.17+1.21.5+fabric.jar","optionValue":true},"mods/fabric-api.pw.toml":{"hash":{"type":"sha256","value":"b2f2ef63febe17f277635827ca474e1aeae321e8a82bef78942116f95d00250a"},"linkedFileHash":{"type":"sha512","value":"16b679f6a42549ca3b6bc147de710b2c8ba2d5e4661ed88df22782c05a4a5f6c1163d7b13867687ed91acde0fdfe5a5037d05662431c946865b58396284e7ee7"},"cachedLocation":"mods/fabric-api-0.119.4+1.21.4.jar","optionValue":true},"mods/from-the-fog.pw.toml":{"hash":{"type":"sha256","value":"073a86551bb33447143b31b7e6700fbaf0662496b777f837156384e8c0ab95ae"},"linkedFileHash":{"type":"sha512","value":"9300b0e5d7d092113c15c34b61a5eb13dd699952295035fa7a50c35f7f4f898c065e5f4e77e1f6ee34f80526b8969ec2ee7bc267cc336c9895eda9372da0eb31"},"cachedLocation":"mods/From-The-Fog-Forge-Fabric-1.21.4-v1.10.3.jar","optionValue":true},"mods/sound-physics-remastered.pw.toml":{"hash":{"type":"sha256","value":"9779ab4f3a2f5a31a5546e17492167ae1f46426875583f5eb6c4b4e893557d2a"},"linkedFileHash":{"type":"sha512","value":"0b7ca9545d9a0469ac685f65cf5aa7fca9aa0aa3ca2fb05164ea61f84c9b420e2a1baa8e86ac38eff0b5ba0f1033b291665bb193f0975bff6ccc07a1c3828866"},"cachedLocation":"mods/sound-physics-remastered-fabric-1.21.4-1.4.15.jar","optionValue":true},"mods/lithium.pw.toml":{"hash":{"type":"sha256","value":"df9d69dc784ef61e99064407952d34c294f62fe1155b5260f825bd9a82e2f3a2"},"linkedFileHash":{"type":"sha512","value":"b8b541c0e968571c8972872b342e34b92573bc9210d455dc1349589f30a67a90d930dbfd99b176ab9b110350ceb53e11118378dc13a35e83a9090826627bdac0"},"cachedLocation":"mods/lithium-fabric-0.15.3+mc1.21.4.jar","optionValue":true},"mods/packwiz-server-updater.pw.toml":{"optionValue":true,"onlyOtherSide":true},"mods/simple-voice-chat.pw.toml":{"hash":{"type":"sha256","value":"7752d2c8b88516a7d1b2b2deb9cba65f11cea226eb39960b26109e6089ffc659"},"linkedFileHash":{"type":"sha512","value":"ce8b2dbd623e516c4a7d2819d366f0f2a49c6b8aab079e7c31d93299dc3ac8a78cc598c49b1ea0c966af5ea2c1b1735788f69103618b85238cde9a64ca330039"},"cachedLocation":"mods/voicechat-fabric-1.21.4-2.5.36.jar","optionValue":true},"mods/sodium.pw.toml":{"hash":{"type":"sha256","value":"09d2dbee70e91e8859e6f62e4181a80264d6dd24cc686fbedb93dda9f69fdfe6"},"linkedFileHash":{"type":"sha512","value":"2c72ca2ddfd27e29ff6c24fccdf6f3d80857bd1014c707017f96cb4a424f94918e53ba21d85f22e3c9171803f8d2c12c99ae857d38d8e85546cc65960b95a2f1"},"cachedLocation":"mods/sodium-fabric-0.6.13+mc1.21.4.jar","optionValue":true},"mods/oh-the-biomes-weve-gone.pw.toml":{"hash":{"type":"sha256","value":"39d2cc6a47203dea8c64452cf5f9d08b2ca1688a50717289f5873ce27d2edf04"},"linkedFileHash":{"type":"sha512","value":"372b984bcbe3ef029ffba37eefc75dfa0e7c493ff0e2c7b50e69dc33154f6898d9144ed363d8086e81ec6673d519b8387f5f323fae36747198c2c8050ff799b7"},"cachedLocation":"mods/Oh-The-Biomes-Weve-Gone-Fabric-3.1.3.jar","optionValue":true},"mods/macaws-fences-and-walls.pw.toml":{"hash":{"type":"sha256","value":"79f433123e8ea30bc239a274f6230ef37408a57145b94966921aa988f0af681e"},"linkedFileHash":{"type":"sha512","value":"e5e8c31f1cfdaa33afde2cd58f53d09aefcab3d05af76c8a8f748fc756c781c14140d0952e6301af54d8d7e0724794e0fccc96da25e1cf621fadd252702923d7"},"cachedLocation":"mods/mcw-fences-1.2.0-1.21.4fabric.jar","optionValue":true},"config/fortnite.txt":{"hash":{"type":"sha256","value":"8f434346648f6b96df89dda901c5176b10a6d83961dd3c1ac88b59b2dc327aa4"},"cachedLocation":"config/fortnite.txt","optionValue":true},"mods/forge-config-api-port.pw.toml":{"hash":{"type":"sha256","value":"d5b02cdd8918d1e509bbedd2d7073544110a5985f6b94cbc799464324ee0d1ba"},"linkedFileHash":{"type":"sha512","value":"308996e33d53f5cd67591de074fd37e15b9af74ea09f2612af0217c374afde3fb737c6b41e59e7d9b533aa08488420f648ea080151715752d88016c658f12cd4"},"cachedLocation":"mods/ForgeConfigAPIPort-v21.4.2-1.21.4-Fabric.jar","optionValue":true},"mods/addonslib.pw.toml":{"hash":{"type":"sha256","value":"89bd8d2e1df6f5bc6c7bd67009327a42ff9b392db293475a8aa4b432960d3395"},"linkedFileHash":{"type":"sha512","value":"ede11468167db13fc3dc2b140065ee82ea0c8a1e951527c1066239456b3d163158063e68c5b1150d7bc1253c4734cf4ad416dc8c13f3a98a8b2e0219e66feef7"},"cachedLocation":"mods/addonslib-fabric-1.21.4-1.3.jar","optionValue":true},"mods/collective.pw.toml":{"hash":{"type":"sha256","value":"c650281609691743f9171291b526e0cae14b5019c0836b4bb60371fc1026e45d"},"linkedFileHash":{"type":"sha512","value":"95c18b55a631bfdcbc501c17238f36c1f284d90a866f498dbf2b77ce7b9dcb0260cba0143a16dcbf254660710ea8fdbd8948cac94139e660bf25581b49fa2337"},"cachedLocation":"mods/collective-1.21.4-8.3.jar","optionValue":true},"mods/macaws-lights-and-lamps.pw.toml":{"hash":{"type":"sha256","value":"a7179a2eea6f67fc2d61cd049bca2e8baca9070bef81f6197250de7d60b7b9a5"},"linkedFileHash":{"type":"sha512","value":"976d087dcce380e91d79df40a8ffc7d5156feab6dd87bb08aa4ba6630526635fbf432c0ba09df0734c7e043c2fb7f2b20f12b936e5d3ae6486db80df8c13dee9"},"cachedLocation":"mods/mcw-lights-1.1.2-mc1.21.4fabric.jar","optionValue":true},"mods/macaws-windows.pw.toml":{"hash":{"type":"sha256","value":"9a2e25d2e7630a25610dbc5f6e35a7b66c349b5adcf94c6057e30e62a716fd8f"},"linkedFileHash":{"type":"sha512","value":"c1408420885952490db21ab126a1ba29d759fd5bde79167ddc148b906e388de6706cc16ff953881bf453e1fd8e1a38f873801af09d2c1ea9e4b306921b8293e7"},"cachedLocation":"mods/mcw-windows-2.4.0-1.21.4fabric.jar","optionValue":true},"mods/geckolib.pw.toml":{"hash":{"type":"sha256","value":"6ccfb0510224ba02a258808eea694bee5d976a998b76608e5648b17fa8bf84f0"},"linkedFileHash":{"type":"sha512","value":"bdd2b5ca1886b44d9c6713b2daa667cee0a467f2bd7964d09d8f1132089e292acaa341fca970fc036bc074d4798eadc4b9d0aaa24a1342afa241a29743cea306"},"cachedLocation":"mods/geckolib-fabric-1.21.4-4.8.5.jar","optionValue":true},"mods/jade.pw.toml":{"hash":{"type":"sha256","value":"114968e70a3e2c2f7a33db6ed305256585353361a28210a0b872df52fc5542aa"},"linkedFileHash":{"type":"sha512","value":"dbe2ce335170c7a7079595c6341188ef07f54704faab7e3919a7c24130d3b25f321425c5f28107ea706f8d7e47e1d49147882ab05c35cbe6af7ac9d371ca68e7"},"cachedLocation":"mods/Jade-1.21.4-Fabric-17.2.2.jar","optionValue":true},"mods/macaws-byg-bwg.pw.toml":{"hash":{"type":"sha256","value":"d2e9e3b0e8323e66102f9554a334a7ac60427c07ff5227475d25d7fca7005d53"},"linkedFileHash":{"type":"sha512","value":"797321d5a6f17a8b971f934a7eaa6ae5fd716dd0a086c75c399b1ec9391dffe45e317f68436803ba01b9161e02ff891021a09c2cc617c0ee2621f28fd8b1e534"},"cachedLocation":"mods/mcwbyg-fabric-1.21.4-1.2.2.jar","optionValue":true},"mods/puzzles-lib.pw.toml":{"hash":{"type":"sha256","value":"cdff637d469d95a02e8e7475fce950c0d25bdacf8ae1246c93eea78ad7e16d39"},"linkedFileHash":{"type":"sha512","value":"a148e1fc1bfa78452969d8a74258191ca3f00e1b0d5f1ba006ec537b91d6260eab92c4018a3a8b21a3c12211f980dff5707366dbe78612c9b92b62ee4d86ebe1"},"cachedLocation":"mods/PuzzlesLib-v21.4.13-1.21.4-Fabric.jar","optionValue":true},"mods/iris.pw.toml":{"hash":{"type":"sha256","value":"e03fc0b0c151c5c072ac399d27b5c4268a093c41be73f3b1578d050bb49211f3"},"linkedFileHash":{"type":"sha512","value":"5296c4b0c0be6d5259b985577154c02e6534818465205e6995b5229b26414b423d333199152693118a897f31312e4de051abe28df7d0dd0950c8b649e54a50a0"},"cachedLocation":"mods/iris-fabric-1.8.8+mc1.21.4.jar","optionValue":true},"mods/figura.pw.toml":{"hash":{"type":"sha256","value":"781b2ea63ebc847ba11608aa3b9d0427ebac983e948ea44075649b1be50e1e65"},"linkedFileHash":{"type":"sha512","value":"902069dd276952bce86479c5682517f1e19d61202cafca5829722f9d50261bb223ebb04fc8fc344429197fed85dbdfe0e2c7d200692ff8c85bbf72d4319d28fc"},"cachedLocation":"mods/figura-0.1.5b+1.21.4-fabric-mc.jar","optionValue":true},"shaderpacks/cursed-fog.pw.toml":{"hash":{"type":"sha256","value":"8aa04f2a3626804daacce6b08a9c229accbb3773a64ebc3e356c624a21da163f"},"linkedFileHash":{"type":"sha512","value":"4f9886485c42c6abfb1e5f50778d90c9c836d504c4cd99f2a22a53f44342db5c758d2fcabe4a7d84498940ddf23cdb82d677eb6c4cd588bde7e98b86f84e2bd7"},"cachedLocation":"shaderpacks/Cursed Fog - V1.0.7.zip","optionValue":true},"mods/macaws-stairs.pw.toml":{"hash":{"type":"sha256","value":"308e7b36c64f2d7adb28574e66fc323902372d551cba3fd3ad29c09d352b7897"},"linkedFileHash":{"type":"sha512","value":"975fae47f21f690b3e526b1ed59355db170949a1aec12fcd5da3c53052279da7857c3d0f82a794730fc8ded3307cb515d63bf29f83ffa64f5da3497df0f00aaa"},"cachedLocation":"mods/mcw-stairs-1.0.1-1.21.4fabric.jar","optionValue":true},"mods/macaws-roofs.pw.toml":{"hash":{"type":"sha256","value":"2e37fadb9b6ece93b3611671af35ac320bd06434a283c2d5b3422df0d35ea5c4"},"linkedFileHash":{"type":"sha512","value":"2dbe1bc112e7a75144ce5ec00c65585d210e781ae600bdf62ba9d7572015d8bac8a87566edc22d1a62369764d6441e0baed5cf7963decdeefbf0ffc9454c93de"},"cachedLocation":"mods/mcw-roofs-2.3.2-mc1.21.4fabric.jar","optionValue":true},"mods/sound.pw.toml":{"hash":{"type":"sha256","value":"b5eb925fde68c84440f0127e014612dee600f04d25669d315da882ac47999613"},"linkedFileHash":{"type":"sha512","value":"1204d90fa8b192322318891fb1320bebf386180833bc5a032abcb040cebba51e77c5ffca9314c9944c14e6df0ea3320dc3323bc2951a9f8591b0563217847800"},"cachedLocation":"mods/sounds-2.4.12+1.21.4+fabric.jar","optionValue":true},"mods/terrablender.pw.toml":{"hash":{"type":"sha256","value":"87ca87824963638afdd75daa6708e8368436b3fabe51b4216ac25c74e7574d17"},"linkedFileHash":{"type":"sha512","value":"56b7c8aae217ab187f57a4acd9b0d6da5deba46bd3c0df9ff106b6cdd29a18dd09488591f7f98210a54df6350e4e0aa9659237e8dd6c260c6b62462531f36e13"},"cachedLocation":"mods/TerraBlender-fabric-1.21.4-4.3.0.2.jar","optionValue":true},"mods/architectury-api.pw.toml":{"hash":{"type":"sha256","value":"848c49f2ead5e1e71d7be95d2d9e1cb992631faf91500b9c59e72d61afca33fd"},"linkedFileHash":{"type":"sha512","value":"6acc7cfccfc6e93fd8c1895fb2c489cbabd27265f38f7cbad98ddaab2cb2e6d1601633bd12cf26fc0bb100a87949ee06b872f333cf7b8490cccc0082ac586dcb"},"cachedLocation":"mods/architectury-15.0.3-fabric.jar","optionValue":true},"mods/yungs-better-dungeons.pw.toml":{"optionValue":true,"onlyOtherSide":true},"mods/macaws-trapdoors.pw.toml":{"hash":{"type":"sha256","value":"db1cfc49de664c073a7377f2de4a97ddd41e51834f7b27fcf8a729265bd5a3d7"},"linkedFileHash":{"type":"sha512","value":"53dd63b782b28b5330fba38125814d0789ed1cd3355316127442d711d4fde605065fe17122e4d36b50062658095c646baa02271a9f4ba2f62b6daa919f2bac62"},"cachedLocation":"mods/mcw-trapdoors-1.1.4-mc1.21.4fabric.jar","optionValue":true},"mods/yungs-api.pw.toml":{"hash":{"type":"sha256","value":"857b7027c1cf9b95b92351db0b4181a09b2400d3d28b8058bc026342ffa4a5f1"},"linkedFileHash":{"type":"sha512","value":"d8db539ee3837e90082bbf0fb24442662334069bea634baed1ee86b43e20b221edd4099f13cfe9a1c242a91ad5dc33fcdf8143d420df1e67a0960c39cdb23f82"},"cachedLocation":"mods/YungsApi-1.21.4-Fabric-5.4.0.jar","optionValue":true},"mods/cardinal-components-api.pw.toml":{"hash":{"type":"sha256","value":"ea7f98c8468ff67d419cc279ca5045e8d0fa755f0a479ee6fa77ed463cff0595"},"linkedFileHash":{"type":"sha512","value":"2015d626d2413b6a0c2663c68220acb459de7dd43f6a781d3f49d5ea37886bd34830d0565faf04f620551546b24b0ab2bc210293575dac469bd694df5189d3c4"},"cachedLocation":"mods/cardinal-components-api-6.2.2.jar","optionValue":true},"mods/lambdynamiclights.pw.toml":{"hash":{"type":"sha256","value":"06d953295265b2f415532373736703632cbddcfe916a8f6534ab3006f57a6c4f"},"linkedFileHash":{"type":"sha512","value":"9e38e30b68f40b4028179355027b3e3d0e037a4781f6fe883d2ac98d557e4d5a13b8b1efda893061c6ebb7edee3bbfc15a32217cd4f6a7a393e6c4595958c33b"},"cachedLocation":"mods/lambdynamiclights-4.1.3+1.21.4.jar","optionValue":true},"mods/yungs-bridges.pw.toml":{"optionValue":true,"onlyOtherSide":true},"mods/corgilib.pw.toml":{"hash":{"type":"sha256","value":"1857e21c0ad614adb3aa0e9293d42247898b2ee2f37b5388482effc1f93c58c2"},"linkedFileHash":{"type":"sha512","value":"73a0de5b95c8e3cc9bf12b48bec6b6549e001141c8c6a961b0ff71d5da46a5a2c6491d7f89da306757bbd8113c3b758b60a33f2352c0cb0b9139dd8d37dc2a1e"},"cachedLocation":"mods/Corgilib-Fabric-1.21.4-6.0.0.3.jar","optionValue":true},"mods/cloth-config.pw.toml":{"hash":{"type":"sha256","value":"df15648dd4d4e27dd0c45ab4e78277c45886b77a698b129f4ce2d2bc337f7044"},"linkedFileHash":{"type":"sha512","value":"ecc59da51149250284b0752475c7b328e0b0325888948391597afc638d6e67fa436297af12d2067376de0098ffa6ca86aa3b8d6011356c179222404c701c6345"},"cachedLocation":"mods/cloth-config-17.0.144-fabric.jar","optionValue":true},"mods/simple-menu.pw.toml":{"hash":{"type":"sha256","value":"d135330b9fdde6aedbfa05f9712dd8c8015fd989ba2697203526ee119dfac866"},"linkedFileHash":{"type":"sha512","value":"fd403d6863f860ce6b08bf3dd9bdd894c9ee53c92981e43ccff309d8ae6be988506728f67416b5f425d8ef87d83d3daef2952a6a769c7e72bba53a4373eba353"},"cachedLocation":"mods/simplemenu-1.21.4-1.5.jar","optionValue":true},"mods/coolrain.pw.toml":{"hash":{"type":"sha256","value":"2c1de90029d9c45b62025deb7a048a083f6f1123cba4dd03ab0c208e89f1ea3b"},"linkedFileHash":{"type":"sha512","value":"defc659ba2433151a7267c3b12bcd36464dcb977a1da0b4ca6078f19775e5b7373e509dca78f621a0fa9165c364691f19bf168a6793b3c86a0da8b1b2eb485ce"},"cachedLocation":"mods/coolrain-1.1.0-1.21.4.jar","optionValue":true},"config/iris.properties":{"hash":{"type":"sha256","value":"f8287b588bf07c1ce9037f929e862f64cf9212e359cab6b29d69eaabbc5258a1"},"cachedLocation":"config/iris.properties","optionValue":true},"mods/noisium.pw.toml":{"optionValue":true,"onlyOtherSide":true},"mods/logical-zoom.pw.toml":{"hash":{"type":"sha256","value":"8f42e792080ba1e1ee3548a65812cfc8af4919e0991ff26fd08b9950d6614002"},"linkedFileHash":{"type":"sha512","value":"0dbd73983477a091898591f65b06a919daed8173f7123ba5d027f7775dbb363f914b239c4258075641ed2fc27ca803a8bf3f3cf019755d1a32b15a2e5fdba81e"},"cachedLocation":"mods/logical_zoom-0.0.28.jar","optionValue":true},"mods/ferrite-core.pw.toml":{"hash":{"type":"sha256","value":"1ef554f7a8d5f7ed4bc21316e034eeef3430dc306012c0a706bd4c3e4ac253aa"},"linkedFileHash":{"type":"sha512","value":"f41dc9e8b28327a1e29b14667cb42ae5e7e17bcfa4495260f6f851a80d4b08d98a30d5c52b110007ee325f02dac7431e3fad4560c6840af0bf347afad48c5aac"},"cachedLocation":"mods/ferritecore-7.1.1-fabric.jar","optionValue":true},"mods/immediatelyfast.pw.toml":{"hash":{"type":"sha256","value":"eec54c8310038eaf8625ace2ab01e8ca6b1ce68b0e6a051835cf2faf324478c6"},"linkedFileHash":{"type":"sha512","value":"b3379168a1576ee80abf3ae7c6234dbc541df0616ec6d95e7a9d9af44619100bacd11a85366e17cc2157beb15ad6e254191f532cb28fb2e89ad0a47777176211"},"cachedLocation":"mods/ImmediatelyFast-Fabric-1.8.1+1.21.4.jar","optionValue":true},"mods/modernfix.pw.toml":{"hash":{"type":"sha256","value":"a874985359eaa4317b3242136fe65b86207a6d5ab55e0b4aa8f37b90727f0487"},"linkedFileHash":{"type":"sha512","value":"ae49114c92a048c9ce79e197fc4df028e186cf13546e710f72247382fa8076f0b70d6aa3224951f4a36c886ca236f099a011f20b021a2b0d1a75c631da4d7d52"},"cachedLocation":"mods/modernfix-fabric-5.20.3+mc1.21.4.jar","optionValue":true},"mods/yacl.pw.toml":{"hash":{"type":"sha256","value":"10f163a2191248c9e512c162a4697e954df7d4a5d837260ec01ac81be6c5447d"},"linkedFileHash":{"type":"sha512","value":"c816b11402da81e89e50ce77bb7a0dac1b9a8ec686675eec21297da9a0489da3d018bd47a7c52cb80415cff19c291cffeb05ca39836275b00bc189bdb81046d1"},"cachedLocation":"mods/yet_another_config_lib_v3-3.7.1+1.21.4-fabric.jar","optionValue":true},"mods/c2me-fabric.pw.toml":{"hash":{"type":"sha256","value":"1d6a658473589e15d906a591257e1ed769b6fcb298c4affe32163a9ca2316b33"},"linkedFileHash":{"type":"sha512","value":"23872ca1c0565b02e8e7595c055616766482a47dd07fe3ea74c948eacadeed02ec9e8a69de84c420956381142b45cac2dfdee488410785ff58ad85cc091fe3c3"},"cachedLocation":"mods/c2me-fabric-mc1.21.4-0.3.2+alpha.0.44.jar","optionValue":true},"mods/controlling.pw.toml":{"hash":{"type":"sha256","value":"1911f529012bae6e7746e820e56fdcf791e053e9e9c6450fbdf6a23a742d9e8b"},"linkedFileHash":{"type":"sha512","value":"738f1dd22675592ec80f59a3d709bde27763b668c839820a09958e6c0cbfb8447809c954bc88def44202986fcb068e22d6d7aaee01f45f2b3a19e19d579907fe"},"cachedLocation":"mods/Controlling-fabric-1.21.4-22.0.5.jar","optionValue":true},"mods/cubes-without-borders.pw.toml":{"hash":{"type":"sha256","value":"f32c30de1ae7dbeeae00b654eb15ea358c6d26f631dc292bdb88dba9c30a8cc8"},"linkedFileHash":{"type":"sha512","value":"563d996e6426ffc971a6dd7686f3870254704411cd24fea95b12e8d1af2118c11ce7234052ddfd97f7178ef6432dfe785c4b2b665f74b31b6bc4d64c27d740e9"},"cachedLocation":"mods/cwb-fabric-3.0.0+mc1.21.3.jar","optionValue":true},"mods/debugify.pw.toml":{"hash":{"type":"sha256","value":"f605331d864b266407b9d4486a4355febbc80b5e2e6ef75e4d92d45d2b29bc8f"},"linkedFileHash":{"type":"sha512","value":"6fcc75db9606e443b976b913aee9cba244dc288f652c1d992329087eefae174f92b345966c925e3749d7b819634f0db4e5a285200597b9641788f22a7c7e2ea5"},"cachedLocation":"mods/Debugify-1.21.4+1.1.jar","optionValue":true},"mods/dynamic-fps.pw.toml":{"hash":{"type":"sha256","value":"04851cf23a0fef9e213180bf5926b705c5ad2d0b04d41934b915cc1ccfabd841"},"linkedFileHash":{"type":"sha512","value":"dfdf67c0507e4d317c7f612854f259f81900aa8a0358451446cda642fd1dbf944a762b431982cca743d6a0e6c678251a9dd36fa3751b389f51e4dc7e3c737a01"},"cachedLocation":"mods/dynamic-fps-3.9.5+minecraft-1.21.2-fabric.jar","optionValue":true},"mods/continuity.pw.toml":{"hash":{"type":"sha256","value":"7986f751d84536043edd1e67178554f6d4c3f01409feae6c151afa7854db5fa2"},"linkedFileHash":{"type":"sha512","value":"1f8102be0e545b3a19aba8b63942a2e98ccce7b714d40f33471da77633015491b7cc7e86d2d5adc7a361f7586f1e30e7e5e591deca2d7ebacd9e7e97055c8cca"},"cachedLocation":"mods/continuity-3.0.0+1.21.4.jar","optionValue":true},"mods/dynamiccrosshair.pw.toml":{"hash":{"type":"sha256","value":"c550fd617c0e240a7bf909bef48062bc8d64d7d6f99bb1a3f3dd70fb9e0b484b"},"linkedFileHash":{"type":"sha512","value":"dc9879677d322eb9b59f10d0085bfeb79f036e7960f74f8ceba288037a8aac25609149302f19d17bbd1e06782d29d697d5c5e1447d77ba5a4456af5f0379dca9"},"cachedLocation":"mods/dynamiccrosshair-9.8+1.21.3-fabric.jar","optionValue":true},"mods/betterf3.pw.toml":{"hash":{"type":"sha256","value":"cbc0973dadd8e4a191ce8e819f212bcfb58708885b4a46a9de7afa29e71aadad"},"linkedFileHash":{"type":"sha512","value":"aab1fc1419e534dfb98b1b33cd07df611f63d43e8975a8fc85b3f448c29bac75e35b8b9bf996689e7fce28e617e436078d244a63b6bd01cb3ae415139abb63c3"},"cachedLocation":"mods/BetterF3-13.0.0-Fabric-1.21.4.jar","optionValue":true},"mods/entityculling.pw.toml":{"hash":{"type":"sha256","value":"81027ef87a38a28907d78c14492be6fdde0e9c1a93a1651b0bedf323b392d639"},"linkedFileHash":{"type":"sha512","value":"819ca6aaecd59c9f49b2b13b0dda7e22f0ee3f0e7d1e10c8d19cf9c467e2ecba250c08bb936bebd170d9a5f184203f0cde2d0b47d5db83000a17998a06599710"},"cachedLocation":"mods/entityculling-fabric-1.8.2-mc1.21.4.jar","optionValue":true},"mods/fallingleaves.pw.toml":{"hash":{"type":"sha256","value":"937e9c66908ede3a91ffce2196385789575527324973b75ab10a35f4e4524651"},"linkedFileHash":{"type":"sha512","value":"be673c9813100962d352752a5877599022dff9923c94fb21cd5dc5118ffded7f5e2b10ca45287cf904c6a08072f3a49e0d16699ee99a9ea5c0c21ce154909ff6"},"cachedLocation":"mods/fallingleaves-1.17.0+1.21.4.jar","optionValue":true},"mods/language-reload.pw.toml":{"hash":{"type":"sha256","value":"aeee628da27bde07e28866859d52ce5f45e45fb39fcc4e5cb48cfb9174b3cc69"},"linkedFileHash":{"type":"sha512","value":"f62b281b2cc5fa1c1031a6cfd6d426902786c644543c5087492409d628d630174fa248257ce7aac7fb3b0a6135c71c474c3780185f2a1cf00a246cc94037602c"},"cachedLocation":"mods/language-reload-1.7.4+1.21.4.jar","optionValue":true},"mods/lmft.pw.toml":{"optionValue":true,"onlyOtherSide":true},"mods/fzzy-config.pw.toml":{"hash":{"type":"sha256","value":"6ab357905a17c3cdf47f7e6b9c1d4a2e656e8821a3241a5e3f7dde2a6fb08161"},"linkedFileHash":{"type":"sha512","value":"e4fe0e712de8df98d61bd68c2de1b72c34ad92640705419aa216f80061cadd63a75fa9d6ef308430876b3a9e7c0db012e1540f5b6f9c4fbf1cd8e1492c8149bc"},"cachedLocation":"mods/fzzy_config-0.7.2+1.21.3.jar","optionValue":true},"mods/make_bubbles_pop.pw.toml":{"hash":{"type":"sha256","value":"1d19237dc3a66d87a018bafb3f69e701bcba8ba1fdef71d9a5f17222c15a3120"},"linkedFileHash":{"type":"sha512","value":"002207e7d8f40523242e030d8578fa0746050f51bb7a31ab2a12bc25927c39399e60719ab496ccf357da4afe542de3a1a1289cc29a6789396ffa9c948fa16ba2"},"cachedLocation":"mods/make_bubbles_pop-0.3.1-fabric-mc1.21.2-1.21.4.jar","optionValue":true},"mods/modelfix.pw.toml":{"hash":{"type":"sha256","value":"78946e7851174a7462125185cb6306f5bac4fe5b90a3f4396cd8a79d56084661"},"linkedFileHash":{"type":"sha512","value":"10276e176984a166aa278a560a1648b3055281f6fc1921d01fec11b355896b6f759b2f6d33169096236c32d390767938f41f8aa7bc24af978c5c8605365de67c"},"cachedLocation":"mods/modelfix-1.21.3-1.10-fabric.jar","optionValue":true},"mods/moreculling.pw.toml":{"hash":{"type":"sha256","value":"108aae1d2a8f03fffeb5f36e874d378d521f9779cf476e4e60b7f2a8043252f6"},"linkedFileHash":{"type":"sha512","value":"b1e14bd0dd03cb05057a0a28f91da31b504f350659dbcd4128c449579c277a0e2d56eb25f99e36f860f3a580247f15fd8ff7a1d40b50bc96bdda050e207e808a"},"cachedLocation":"mods/moreculling-fabric-1.21.4-1.2.10.jar","optionValue":true},"mods/reeses-sodium-options.pw.toml":{"hash":{"type":"sha256","value":"55a727cabdd9d6e84fb0232b49d0dfa207751002e7f1f63b959baa35e2f29868"},"linkedFileHash":{"type":"sha512","value":"42fd766fb3f4064938389599a53c3baad29e40e6ab9cdae9a4302eaa8b2daa96af9128978348549ef47122ecf2663b2e81e5155d01a4be4eba4d03c7e6974dba"},"cachedLocation":"mods/reeses-sodium-options-fabric-1.8.3+mc1.21.4.jar","optionValue":true},"mods/placeholder-api.pw.toml":{"hash":{"type":"sha256","value":"6b2abdc14fca0b9b42b5678e7c65af8b93d5032f0e4b0d2fbd93295903489d50"},"linkedFileHash":{"type":"sha512","value":"06db18ada7973bd8cbe316faeebd25d89d79820da951208cc2ec69eb4058379d4e0c0233799d7043b5a19b62248f6a4d5f7031c110066fdf5d335e29385e3853"},"cachedLocation":"mods/placeholder-api-2.5.2+1.21.3.jar","optionValue":true},"mods/searchables.pw.toml":{"hash":{"type":"sha256","value":"16ea11cfb2e23bfabff2b885f9783dff0daf0454f68cbd36402ca30870e5bc1b"},"linkedFileHash":{"type":"sha512","value":"8781007b38471bbad94d76322c1927089dc05f31ab6380cb4bf92a899e2d9cdfb2537d4c3032a3df7b9a6ac4d1102fbf15593c0fcecb04c4c1d3d3c706ecf4d6"},"cachedLocation":"mods/Searchables-fabric-1.21.4-1.0.4.jar","optionValue":true},"mods/modmenu.pw.toml":{"hash":{"type":"sha256","value":"88c6edc1712f4f0cd915cd723b9e0296924d454b3855a719d2962103b2b92bea"},"linkedFileHash":{"type":"sha512","value":"147681418d8729790fe7712163706d5209a5e6c90ffe81867020f70595ef5ede8037586ca4eb8239e540b1375dca4a0bbfbbe86c61c488aabf9b702520b7afe5"},"cachedLocation":"mods/modmenu-13.0.3.jar","optionValue":true},"mods/fabric-language-kotlin.pw.toml":{"hash":{"type":"sha256","value":"36587a2be418f365faa1a6deac5eadcc00b6a79ebacab25ad87839f9ddc021e7"},"linkedFileHash":{"type":"sha512","value":"bae89ea5e71895f5a760def61359bb90a715832d998aec8141902410c503533fc42631e033109fcc9cdb3f869c58da9b89e9efc3b3ef112cbafe27059de9239e"},"cachedLocation":"mods/fabric-language-kotlin-1.13.5+kotlin.2.2.10.jar","optionValue":true},"servers.dat":{"hash":{"type":"sha256","value":"95ccf1fb02bfe9942d59ffc4d4ae04933e90cda71d3accad25e162c649babe82"},"cachedLocation":"servers.dat","optionValue":true},"resourcepacks/programmer-art-plus.pw.toml":{"hash":{"type":"sha256","value":"f721c71b1ed1a5617f64922a39b2e2b48677ec8337c8e24261012e2c5d1b280d"},"linkedFileHash":{"type":"sha512","value":"6aaa4ed66f73f21b4529e71d81180f2ae4418651ba6d5a556112fae4a9a25ec0dc59f869511789ca1144716cd25e61d4ed8d3fb82e563cde3595664ddfe216eb"},"cachedLocation":"resourcepacks/Programmer-Art-Plus-v2.6.0.zip","optionValue":true},"mods/chat-heads.pw.toml":{"hash":{"type":"sha256","value":"a8b8e89a322aae5f20d15a3aa21cd5f47e14853f36b9303e3ef0fa717660115a"},"linkedFileHash":{"type":"sha512","value":"9b8bdcddee720d3cf256c6db9bc52b1cb1a3420f0f61a59f2af5986a64ab2bbf6783f2ff79c523152da23d2377c82dff869c319a4c12860993b3899eb0b8b9e8"},"cachedLocation":"mods/chat_heads-0.13.18-fabric-1.21.4.jar","optionValue":true},"mods/better-animations-collection.pw.toml":{"hash":{"type":"sha256","value":"8df920c60d4606e66c5e4bf20e689d7cdbf1c7739440138ccfaf1743b656f2f0"},"linkedFileHash":{"type":"sha512","value":"bdcbd750079ea72d64b0a78f3ee18598bc11e19d5f1f199baa359550ebc090f47b41b711388f38f803466acb15944e9c24b10a721150782c129f1b68469a7c51"},"cachedLocation":"mods/BetterAnimationsCollection-v21.4.0-1.21.4-Fabric.jar","optionValue":true},"mods/balm.pw.toml":{"hash":{"type":"sha256","value":"2b86e8bc9c731f3127a3bf81d6116f245205a0a1eb53381de5819caeab928460"},"linkedFileHash":{"type":"sha512","value":"bcf9583d8bf2b0f20163078db7b9e4108bd5519846e491483d208ebe273dfdd58a808c0ac5e7a121dae1ec965eba4ae3cfdafde000f192b590d0fcd36728ab24"},"cachedLocation":"mods/balm-fabric-1.21.4-21.4.37.jar","optionValue":true},"mods/chatanimation.pw.toml":{"hash":{"type":"sha256","value":"a59ce679862d915b6a8bdfe207af78012214fb5a6952e0663eb07c98d7c88793"},"linkedFileHash":{"type":"sha512","value":"b4725b7a8da86f5e550225564de712af80a8a1f3c30f070942ad791ef477907a04d109742a44f185e892dd5aaffff4bbd4da1fa729fc98e2ccb9f97ec2cc02d9"},"cachedLocation":"mods/chatanimation-1.0.6.jar","optionValue":true},"mods/chunks-fade-in.pw.toml":{"hash":{"type":"sha256","value":"d7da904becf96e068b6929529a7821dd03b9e0017593ea407fb54c1671b9e13e"},"linkedFileHash":{"type":"sha512","value":"43f772c0e4ad92abe3ca7dc21f99dc0c8dac115a41736c97a0ca19dae3cfebfba816b2c2b74a6670e3154bc3204d107a1b08878c06701aa3aa642bfd83aa9dee"},"cachedLocation":"mods/chunksfadein-fabric-2.0.7-1.21.4.jar","optionValue":true},"mods/3dskinlayers.pw.toml":{"hash":{"type":"sha256","value":"9bd6ba58d937a371fc6bb73947e19c75020af78fc16a4a56683e5f289075bb29"},"linkedFileHash":{"type":"sha512","value":"69d0f197c309e957998a66d98c556d68f74fb1a0101c28255d8fb42d90ae891955ad9aab3c0327ed7e7b329c938099a0681ea42fb089663eba3b3422b0a63d34"},"cachedLocation":"mods/skinlayers3d-fabric-1.9.0-mc1.21.4.jar","optionValue":true},"mods/chunkyborder.pw.toml":{"hash":{"type":"sha256","value":"602078a29667a53759f23df6f7e9bd9a55711b9b15f7a7dc19e7d25b0c7ad1f2"},"linkedFileHash":{"type":"sha512","value":"6608c77e7689d4855e7c35de664340c2a2827adcf320fa3554d8db4b7c02e2a628bed27cb327b3fbe8c54864587fa804d39de7e11624ed5868ad387fdfc71b0e"},"cachedLocation":"mods/ChunkyBorder-Fabric-1.2.24.jar","optionValue":true},"mods/chunky.pw.toml":{"hash":{"type":"sha256","value":"64c483fe6597534270aac57d7cd3f59928641b97de649312a14d392b5343e483"},"linkedFileHash":{"type":"sha512","value":"a89f94947e7c3992e01e46be8967d2a6593334333a546b4fff5fdb02a1f5a6b83c93adc4c72a9b9b1f14f9299efcaa8a5d7f5eeedf3da541c7e72abc5e2724c6"},"cachedLocation":"mods/Chunky-Fabric-1.4.27.jar","optionValue":true},"mods/dcintegration.pw.toml":{"optionValue":true,"onlyOtherSide":true},"mods/dark-loading-screen.pw.toml":{"hash":{"type":"sha256","value":"389323d30065bef4d9eb2d965ce19e510bf7c9ffc64f21b6e122f2d95e1cf207"},"linkedFileHash":{"type":"sha512","value":"7b9c807eafc52e020abfd080a8c10a8adb4b8ff66a5fec412f2a7f143edfe5fd64426d8079ef594d73481845811c1f35ed3988a2f6bea22e52438a3948ee103b"},"cachedLocation":"mods/dark-loading-screen-1.6.16.jar","optionValue":true},"mods/diagonal-windows.pw.toml":{"hash":{"type":"sha256","value":"f0a76d5bb6f7f7f0608eb5102f353709072fb7790fba6823cf96f7e3dd8f8d1a"},"linkedFileHash":{"type":"sha512","value":"cd6bae27c8dea56cb0979313bba1d4a356cb6f716db8a7700095feee9755e744d9f8d4a2cef9737250da448246da080e77184f7956d10653887589aad4653a1a"},"cachedLocation":"mods/DiagonalWindows-v21.4.0-1.21.4-Fabric.jar","optionValue":true},"mods/explorify.pw.toml":{"hash":{"type":"sha256","value":"a0b3f914a386d4236744bc749156bb7eca1014179a50e340af1ea4741198782f"},"linkedFileHash":{"type":"sha512","value":"3d9ec324a1cbe4d98bb4b47bea721e1b629e11ba9b2c07d6da7a844b941f2ce71092edfbe56c62c8e14c7eda15652986de464b80ececb22334181510f374ccbb"},"cachedLocation":"mods/Explorify v1.6.2 f10-48.jar","optionValue":true},"mods/faewulfslib.pw.toml":{"hash":{"type":"sha256","value":"020a051e95ee51f0f8e62c3022bd49b462daaba353b39bf721794c7535edc0e6"},"linkedFileHash":{"type":"sha512","value":"20d788c1119dc95367be3d0c32821b5f1c950f8081c1b92db0a389815c069510b10479b9deb1bf60305963369aece9624523add3604e84b066e88ced3592a469"},"cachedLocation":"mods/faewulf_lib-fabric-1.21.4-1.3.2.jar","optionValue":true},"mods/classic-mechanics.pw.toml":{"hash":{"type":"sha256","value":"2a11fd56b0d0a399cf5a7e9a206fff25dbf9589f0255994178bd9c0361e74344"},"linkedFileHash":{"type":"sha512","value":"6f1d30ee37590dc7c9195d52995e4facf572792dcebd3a7524083eed1e1ec493f0827108be2eb444941d2e3a424075c09c5041a0279195654503d603e95133cb"},"cachedLocation":"mods/classic-mechanics-1.20.4_04.jar","optionValue":true},"mods/frozenlib.pw.toml":{"hash":{"type":"sha256","value":"6ca45bdaaf62377543775a340b5b57918b49238fbc15ba22d7a5f732d0c45d7c"},"linkedFileHash":{"type":"sha512","value":"067f24ac375c1e4f6c8f929aae550460c8c895dba6a1aaa063f56c40a8f1ef5d3d3cfdcd0df6b4e43e74625298702fb60951a333538cd6115942771dbbbcc7f8"},"cachedLocation":"mods/FrozenLib-2.1.7-mc1.21.4.jar","optionValue":true},"mods/energized-power.pw.toml":{"hash":{"type":"sha256","value":"4e784011ac16130f86488f2f2b88b42f279453b6a5f0fd285e72c130bd640e50"},"linkedFileHash":{"type":"sha512","value":"465602230762055362c73896161bc0ab8eb563e8158a8d2a85ed5deee4df7197cea81a8bc30c079344a5e8f5744a9d31153e34b9add69066e4f42156f8d981b4"},"cachedLocation":"mods/energizedpower-1.21.4-2.13.0-fabric.jar","optionValue":true},"mods/lights-out-ftf.pw.toml":{"hash":{"type":"sha256","value":"89304e4a2087c0362cb3bb362cea5b00f1f93adc08d1f9a43e548d50dede59d8"},"linkedFileHash":{"type":"sha512","value":"95f68999a7b69ff1839333a47e6c453f30f543b22d3fea7aa07291fd3dd82be302632e4c1a806fe5f4514e10ef677c0ccd1bd6b7ebe0b12f89b85c38f5411b13"},"cachedLocation":"mods/Lights-Out-Forge-Fabric-1.21.2-1.21.4-v1.1.jar","optionValue":true},"mods/hostile-mobs-improve-over-time.pw.toml":{"hash":{"type":"sha256","value":"12164facc57eae62f75e0a5d4f9257c83dbe4f76c8cdb64fae29ac3ecda50c3f"},"linkedFileHash":{"type":"sha512","value":"ba151a91101b6f242c8225be3b883bafb765072a3bbacd576c82ff1b81e5f7b9bff474f141affe37bbbfaea82fdc5336ff394dec1bb30dcb2cf52ff4d50a01b8"},"cachedLocation":"mods/hostile-mobs-improve-over-time-1.11.1b.jar","optionValue":true},"mods/gamingbarns-guns.pw.toml":{"hash":{"type":"sha256","value":"18ecfa86bf1f20555e5972f8c34a9a3de4026727c2c419a5019a258d1c13cd85"},"linkedFileHash":{"type":"sha512","value":"a09719025870de1c29435a74c5965d8c3b578dc92203c98459ee31c3b7637444d7071d1febae4684a3389a06286c03382a22bf094a6a574dc54e211372c9971f"},"cachedLocation":"mods/gamingbarns-guns-V1.24.5-data.jar","optionValue":true},"mods/lambdabettergrass.pw.toml":{"hash":{"type":"sha256","value":"7fdd0a59ac8a8ae82271e5ce9900dba621405042b7a7c371dc6059817ce3ad1c"},"linkedFileHash":{"type":"sha512","value":"b9ce59d26adf5294897ece8a4cbf2a9beb6c6a7b7ec85c66e49144f67f0afbd40cc675589a3a01eb3e201a16b8a83790325dd53a4f0e57f3b984f7b9edcce18c"},"cachedLocation":"mods/lambdabettergrass-2.1.1+1.21.4.jar","optionValue":true},"mods/controlify.pw.toml":{"hash":{"type":"sha256","value":"b6bf6957c4c06364460f86f2a1c10f41981f23c19780dbdaf70b4c5d0a6a42b3"},"linkedFileHash":{"type":"sha512","value":"fd016a83eb38e741331882cb52944a4ac32153aab2a47fda56b51ecc8d2eb53e81b0659bc28ce4cc604746c6d942a4c5f80916d1d12c8ef134cc46fc82737763"},"cachedLocation":"mods/controlify-2.4.1+1.21.4-fabric.jar","optionValue":true},"mods/lumenfuchs-dummy.pw.toml":{"hash":{"type":"sha256","value":"ae28df55368ef6ebdafbaebb01c1a5adfb40d9afae29d21676137f5177d5bbb2"},"linkedFileHash":{"type":"sha512","value":"6c1635010b9830030b24d6ca003144422e8d49ba292b0ee3f0ea58cce15e469db9d8f7f6cb59737d08c7465b12bea70f0e2846ef5a478ede85602bb0a2ae8651"},"cachedLocation":"mods/lumenfuchs-dummy-1.6.1.jar","optionValue":true},"mods/midnightlib.pw.toml":{"hash":{"type":"sha256","value":"58b90c52266f89c339a35bd46378d8059d56949d5926c7b25da98719d0b38065"},"linkedFileHash":{"type":"sha512","value":"6c85fc126567e6efbf84ba16dc57f29b06502f34b90429e3f8e7e0b5f01b160f3b67a493f438901a384c477dc84513998f964f8ab7e3eb1faf230fa69fe6e387"},"cachedLocation":"mods/midnightlib-1.7.3-fabric+1.21.4.jar","optionValue":true},"mods/photonics.pw.toml":{"hash":{"type":"sha256","value":"3ed6079fa497e41a6dbe4781a0bcc597b63e996607a404a6d0302c6a1093ec68"},"linkedFileHash":{"type":"sha512","value":"8a17a8239664ad6cba4661ebaf23c930f64ce77f160934f13e15da5cbd126ae24f1b643409ba6df4082299bcf8a926ec3c477aefae65199c5e5463762b55c72b"},"cachedLocation":"mods/Photonic-0.2.8.jar","optionValue":true},"mods/piggybacks.pw.toml":{"hash":{"type":"sha256","value":"43f25bea40f8ce8ab4e210e2fdf25bacd31e2f667a506db2edf3f9aa4fc0b93a"},"linkedFileHash":{"type":"sha512","value":"5a3dada079783e7612f7855464210927219b94f12cb6f71ddf793e4f0083490d99e1458eb7412db1f0c5330627cef7a06ed9c2d1e0d8b71510c5d0af46ec8a9f"},"cachedLocation":"mods/piggyback-fabric-1.21.4-1.1.0.jar","optionValue":true},"mods/server-replay.pw.toml":{"optionValue":true,"onlyOtherSide":true},"mods/qraftys-halloween-villages.pw.toml":{"hash":{"type":"sha256","value":"fdfccc8b4f2242d6bf32902d82014897e7621947d3756ff8defeb352ff411621"},"linkedFileHash":{"type":"sha512","value":"9e66dbb7dfb90969ecc3b9852ba0dc64b11769d2e80807bf8f7850b7c210791bcc8ae7e935533103bf0641f874c60a85f47a21fef234352d385a3f39cb87ce24"},"cachedLocation":"mods/qraftys-halloween-villages-3.1.jar","optionValue":true},"mods/snow-under-trees-remastered.pw.toml":{"optionValue":true,"onlyOtherSide":true},"mods/silk.pw.toml":{"hash":{"type":"sha256","value":"ef3a0d9a1d422daa214652828a2caab0b40672fb6c7ba48811d6d84d59624f2f"},"linkedFileHash":{"type":"sha512","value":"dd67903f354b0e2925a1eb3da6bd3ff0c839b4c4539dc12bff91de4dd57192f078a5cdc92e162a1a9fc1e441208735cac76356a59354386ecfc43fd367a16002"},"cachedLocation":"mods/silk-all-1.11.0.jar","optionValue":true},"mods/philips-ruins.pw.toml":{"hash":{"type":"sha256","value":"a2919511e7a94daa381cd29cc2a7db5ac7dd800acf05566cb0281557328134e0"},"linkedFileHash":{"type":"sha512","value":"2d7efc712c82c042f0f93eb86bac13eb5b0424449092688e743dda04d2dd4e43dfaefe2ac6f731a88f2383d20fba5a7f0437590182af2310ed5dfdf9749b1504"},"cachedLocation":"mods/Philips-Ruins1.21.4-2.2-Fabric.jar","optionValue":true},"mods/spawn-animations.pw.toml":{"hash":{"type":"sha256","value":"649ca0fb966ad785f535632f44c957471f9015d50c3bfc5c808758ed1243fdae"},"linkedFileHash":{"type":"sha512","value":"c7e78d362861ff7b658e6d31134e03b083ad12c59687e8c693d26b0915a485847523177be9c0a071e74ffa382b548fec54d721e31a37c7c7645df268acfa123f"},"cachedLocation":"mods/spawnanimations-v1.11-mc1.17-1.21.8-mod.jar","optionValue":true},"mods/supermartijn642s-config-lib.pw.toml":{"hash":{"type":"sha256","value":"8e009ac87710fbd8f5990285d36ab2b4755e932664ca1bcb9cdfac116d6e3b6d"},"linkedFileHash":{"type":"sha512","value":"479838148fc1979409474b460de73162b7730c36b201eb903e299c144a056fed4f6dfb4498e0ded1e93a168379ff7efe0623279aa33a82b1b222c68468c477d6"},"cachedLocation":"mods/supermartijn642configlib-1.1.8-fabric-mc1.21.jar","optionValue":true},"mods/simple-copper-pipes.pw.toml":{"hash":{"type":"sha256","value":"c3097538a3f01a80f5841c54678ec64f39d6879a4aafc5b15b46af42bfb7ff01"},"linkedFileHash":{"type":"sha512","value":"c5f388dbe180ed5915cd72852119f31fb9f6a29f0ec9ce503835223b0882cafdb56673fd376f8a0dfd7f31ec58f41e7564a611604be92125ba50ca47326e8628"},"cachedLocation":"mods/SimpleCopperPipes-mc1.21.4-2.0.6.jar","optionValue":true},"mods/spooky-doors.pw.toml":{"hash":{"type":"sha256","value":"88044c979083cf3f222d277515f4d4c3b18836fc7e2692d5aec71fcca6379b49"},"linkedFileHash":{"type":"sha512","value":"1f18268aa8ec33567e411682f1f0b34d99df5690e1669c2eb04bba7259f594cfec5b1577aa500d48f4aa70d4dfe5475f6a2dfdcf78d5716f228af465f8954ff0"},"cachedLocation":"mods/spookydoors-fabric-1.21.4-21.4.6.jar","optionValue":true},"mods/tiny-item-animations.pw.toml":{"hash":{"type":"sha256","value":"d5f9e116bdb4df696136acac99d9a80e8d229375b5a8865ff794e603bca0b0d4"},"linkedFileHash":{"type":"sha512","value":"ee59a7fca5a1e202039885617c1b6f7681cfea82698336dbf539ae2529a55d1f2f8b04fcffc751467fd5c0f238120edfa375b8550307f6c794e6e25fdd21b0ea"},"cachedLocation":"mods/tia-fabric-1.21.3-1.2.2.jar","optionValue":true},"mods/supermartijn642s-core-lib.pw.toml":{"hash":{"type":"sha256","value":"e2cc957c5a76f9615263ac1fc2ff523779200224a2024d6700bc32438954631a"},"linkedFileHash":{"type":"sha512","value":"8d55a8b0c781494bb5fb6bfe7945fb700c120c74ada0ec6c801583e5b3ce13b4a23bc452d8b0bd29cb32ccd29360cb0fc668afef65da4fa3553430b8014f1da6"},"cachedLocation":"mods/supermartijn642corelib-1.1.18a-fabric-mc1.21.4.jar","optionValue":true},"mods/voice-chat-interaction.pw.toml":{"optionValue":true,"onlyOtherSide":true},"mods/voiceless-survival.pw.toml":{"hash":{"type":"sha256","value":"a656120be01072f0e6d824b6b07f9ce8d9c1a15d8be5a8937ab3dfa448771b18"},"linkedFileHash":{"type":"sha512","value":"49a08f88da5519f27a4de515380a813be1a6b6494b88e769f3f849c9395f4661d4dbc8bea239634921dce271d4121c5509139a902857aab31d9072f0cde4dcb8"},"cachedLocation":"mods/Voiceless Survival-fabric-1.21.4-1.0.1.jar","optionValue":true},"mods/veinminer.pw.toml":{"hash":{"type":"sha256","value":"324b5730c0b047adb5c11356a4bc994d2b3b9a941b2f66f002a1e285c3a08e72"},"linkedFileHash":{"type":"sha512","value":"04a8a079b64017fc04e24f8f22ee8b6fe46ce9c78ecedfb25fac99d4cfe78761901948fbc8eda9770cce944ecf93c9bafe793b7edb34b0c9e7e18322ae5392cc"},"cachedLocation":"mods/veinminer-fabric-2.4.2.jar","optionValue":true},"mods/tesseract.pw.toml":{"hash":{"type":"sha256","value":"5bfc38bfae5a70a49b63108e1ed12dfa40d8591778b9ce9c3b78a5ca5023f2ee"},"linkedFileHash":{"type":"sha512","value":"d040cebcc9b0bdf9009afad7e4a85fdbb92531060b31566a8a5b158a4384c9e9a50deb5971b1c958fea91b14f165f448f55fd16afc6e18a2c1a141e28c1fd0cd"},"cachedLocation":"mods/tesseract-1.0.38-fabric-mc1.21.4.jar","optionValue":true},"mods/void-fog.pw.toml":{"hash":{"type":"sha256","value":"7bce2b2b0558ec0c0c0c84614905cac8237378eb5feb3f54dae33cab234f6c36"},"linkedFileHash":{"type":"sha512","value":"407dad6f45018f380f2bc33556f6f88a1ba602e132c77c06042e019d8886b2cfd5555508ded46593fbc5bd223c484b573dd317e13318c5206a0e32f9e84ae64b"},"cachedLocation":"mods/Void-Fog-2.12.4+1.21.4.jar","optionValue":true},"mods/travelersbackpack.pw.toml":{"hash":{"type":"sha256","value":"fe43d0f2986dad2eec389a81b56ebc7a84ac6c1ec3533d28cb18ecddb07b5dd5"},"linkedFileHash":{"type":"sha512","value":"ea8d3b89ff81d9a534e1faafa6148855a583ce682415171623707cf2a2df6369002e152702cacf5af3b23963f08db9c051ff50fb971d19ee9c98c7dde49e6dcd"},"cachedLocation":"mods/travelersbackpack-fabric-1.21.4-10.4.13.jar","optionValue":true},"mods/toms-storage.pw.toml":{"hash":{"type":"sha256","value":"83740701bb98a573f077678ff0dd3e58a5fd251aba7fe8addd2c6744da9145c0"},"linkedFileHash":{"type":"sha512","value":"26f9158ab67bb11b5e3cd857cbe0e12e24ce52b356a504dafe5951a4b969e432e20ade5ccda6ba59182131d1e4d053b6d92841935b5557c134c028f8056d7dd4"},"cachedLocation":"mods/toms_storage_fabric-1.21.4-2.3.2.jar","optionValue":true},"mods/zombified-player.pw.toml":{"hash":{"type":"sha256","value":"48e188ec28b115b54e27b63e793fa6f80bde5a4768d98e77eb699c9cce0e76d9"},"linkedFileHash":{"type":"sha512","value":"73667339e17578d979424f2c6e86ee7cb5018e39192ab7c971d38da48ed51036ae7b204622d82647de653063a2771a9b480e7b83f5dd14b154227f3cf1195fd3"},"cachedLocation":"mods/ZombifiedPlayer-1.2.3-Fabric-mc1.21.4.jar","optionValue":true},"shaderpacks/spooklementary.pw.toml":{"hash":{"type":"sha256","value":"c75e1bc3dcb88922308be5b31300be19ec1f04858af81818bcf123cb830d2395"},"linkedFileHash":{"type":"sha512","value":"4471cba93975a50accbbf390428dfa34afc939f89c345d09d522e9f28af66bfd4b453c6f985794b8f1b65c19ac7e9a30631fc1c1494a94a0bbdc64bd6f93cdb5"},"cachedLocation":"shaderpacks/Spooklementary_1.1.zip","optionValue":true},"shaderpacks/bsl-shaders.pw.toml":{"hash":{"type":"sha256","value":"d30923bf5cfb4988a372508cb461d8077609d79a38d0b170785804c7ad15f16e"},"linkedFileHash":{"type":"sha512","value":"3ce31ae8c7242ae335de70df10f8147420a64ca372585c195d0b300f9e8c5b923f1e5bf2b8dddfcc741a0ce8e0235e079540101632837624787da84e9b52d72f"},"cachedLocation":"shaderpacks/BSL_v10.0.zip","optionValue":true},"resourcepacks/zombies-revamped.pw.toml":{"hash":{"type":"sha256","value":"c683deb9ca4c41545bb11772ffc493874c20e868fa71e18a2301a4f813c8f2e7"},"linkedFileHash":{"type":"sha512","value":"b877a67eaad61e553b45d76be617ff04fa90d57f2ba1b25037542580cfda68dea7e8378b2e53ebe7e4baf533c07d15c89d47e17e563fdaec660534365fc7c3b0"},"cachedLocation":"resourcepacks/Zombies Revamped.zip","optionValue":true},"config/sound_physics_remastered/soundphysics.properties":{"hash":{"type":"sha256","value":"acf4320bbe56a2f2f47c2549c2357549ea4ea88402a693c8c2e96cc1da328e0e"},"cachedLocation":"config/sound_physics_remastered/soundphysics.properties","optionValue":true},"options.txt":{"hash":{"type":"sha256","value":"1ef7a012d70d036bd4550e9b01e7d376c586c988519311cf9fd9f50458107704"},"cachedLocation":"options.txt","optionValue":true},"shaderpacks/Spooklementary_1.1.zip.txt":{"hash":{"type":"sha256","value":"ae12b4a8035834bb428c5ffd909ac32ff1540889c2925ac98382707b942c618b"},"cachedLocation":"shaderpacks/Spooklementary_1.1.zip.txt","optionValue":true},"mods/mcdaycounter.pw.toml":{"hash":{"type":"sha256","value":"c2fc16311c34a809d016e6e02d114241eedf73f21d426d3c1acf089dc6d69311"},"linkedFileHash":{"type":"sha512","value":"491e2ae28ffe2f4d64daca1bc964a0a928077768c722176d9f553c132543d08910f02905f1b5b3902c6e0ec2be41b51eb920524f88f9ffd0390ae2630ed89123"},"cachedLocation":"mods/day-counter-1.2.1+fabric-mc1.21-1.21.8.jar","optionValue":true},"mods/inventory-essentials.pw.toml":{"hash":{"type":"sha256","value":"6c028236f98ca8981e7563636d397cb1a623259a5f3c5e62e7d88e88f5564551"},"linkedFileHash":{"type":"sha512","value":"f997ce643976591ffe7e34a669162554cbfbcca9033019c933aef99ad2a4d297d252ef27122ab9c2dc4927bfe79ed9204f7362eaa888fec51f458818081f2913"},"cachedLocation":"mods/inventoryessentials-fabric-1.21.4-21.4.5.jar","optionValue":true},"mods/rei.pw.toml":{"hash":{"type":"sha256","value":"d663ed7529a79f9b5f9f9d7b3be61c0999b22daca0dc10482f51922b38409c66"},"linkedFileHash":{"type":"sha512","value":"12e80622671ff1f1906132c9a2d0ce01bae877b0c912c53c708e5b6f8d6a3797c3c873bb9d492bc4b98e6db6ef9f626515ea333556c5f22c04c9e7de77042cdd"},"cachedLocation":"mods/RoughlyEnoughItems-18.0.808-fabric.jar","optionValue":true}},"cachedSide":"client"}