{"packFileHash":{"type":"sha256","value":"907dc2a28833ce45207a6cdfdde09a31e8639d9c48f1d47ab58357131e1131ec"},"indexFileHash":{"type":"sha256","value":"880754e805275351d0982c2204343c113b8c994f0a92fce171714b5c35252b6a"},"cachedFiles":{"mods/macaws-bridges.pw.toml":{"hash":{"type":"sha256","value":"f5f134844b199b78f07b6f58ded80ee7b6a786d509a95687a2abb48e8dffee6b"},"linkedFileHash":{"type":"sha512","value":"21856167efae173a8210d0c06215d1314e1969621192964154e010d15c05defe84040257b2a98013f4e8073397c1d246ab1797c50ee503392a84eb405e879fac"},"cachedLocation":"mods/mcw-bridges-3.1.0-mc1.21.1fabric.jar","optionValue":true},"resourcepacks/willows-scary-cave-sounds.pw.toml":{"hash":{"type":"sha256","value":"813acc3118730e2d29fc78ba0b4451a6333a7373503385da3b27de6e68601ec5"},"linkedFileHash":{"type":"sha512","value":"e79f171c265a0a58b3a117aabb9b42ec53b6916e8e5bef26c4ba2e4d90cdc116c86fc88836e7da52f7a1a04248b09fa44117aceec3e78bfad83c2e1b89c4405f"},"cachedLocation":"resourcepacks/willowscavesounds.zip","optionValue":true},"mods/oh-the-trees-youll-grow.pw.toml":{"hash":{"type":"sha256","value":"50bcb908cc2d2220e9b69ccd05427c2cca89df411e1e8232b21ea6ab5a9e21d1"},"linkedFileHash":{"type":"sha512","value":"ba32219e031beb9b26e106a22d0b16e9b6623e12a2aad6b6138dec6a8b7e1146d437550dda4ebe0cacdf61df1e495e34e88e90de3c1d04f6906d3bf92930489d"},"cachedLocation":"mods/Oh-The-Trees-Youll-Grow-fabric-1.21.1-5.0.14.jar","optionValue":true},"mods/yungs-menu-tweaks.pw.toml":{"hash":{"type":"sha256","value":"486344643491c3745e4ccef40d98f987f4448345be36c34827b3b62ce8d2dd7e"},"linkedFileHash":{"type":"sha512","value":"c05bfbd328d4f152b87be212fc7f0c9c6aba92de93eb6c410424875d31764e15bc803d6b6b7ff13b45235a3162574d6f6aa95c451aab1038d706964fc70e18e2"},"cachedLocation":"mods/YungsMenuTweaks-1.21.1-Fabric-2.1.2.jar","optionValue":true},"mods/mru.pw.toml":{"hash":{"type":"sha256","value":"230b1f5cd118accacf41f268e122bd420420d9e5248d43513090804739a832f3"},"linkedFileHash":{"type":"sha512","value":"092ae73bb2ca8363fbcbf71b702b4fd71e75832240dd4b088ddd5f02f3b0d53b2b04fb87f824dbff0ed546c5d96ac91669be65510ce0ef64a112f6cd10f1d44a"},"cachedLocation":"mods/mru-1.0.19+LTS+1.21.1+fabric.jar","optionValue":true},"mods/fabric-api.pw.toml":{"hash":{"type":"sha256","value":"b3811242f9230b57ec349147921309a05e17b1d9866cb5197926495d8f8e9400"},"linkedFileHash":{"type":"sha512","value":"de38aca8c7b7c2a28a39a847a3d92b5c00e162734f29df38600bd4aeaa4b41f4de610b56b157caf0cbaf833ac7f0bf007496e6248fddf61b9ff7835ee1c8dbc0"},"cachedLocation":"mods/fabric-api-0.116.5+1.21.1.jar","optionValue":true},"mods/from-the-fog.pw.toml":{"hash":{"type":"sha256","value":"a503ac4887c60672c49d0cade6326e17b9b6340549e33772918918312f286d56"},"linkedFileHash":{"type":"sha512","value":"d3b9e6e69d5d96adb30bc378a1784603baaed78d616f7dcc939d9b649a71967e8960dc8f4b7ee5a6d3195f95cbe8d2125dd539468cbda63fd15ea0190f726dde"},"cachedLocation":"mods/From-The-Fog-1.21-1.21.1-v1.9.4-Forge-Fabric.jar","optionValue":true},"mods/sound-physics-remastered.pw.toml":{"hash":{"type":"sha256","value":"d4c6066b260f8cf7474db76db56bc05117018ab5957e8c850ae7020bc000a80c"},"linkedFileHash":{"type":"sha512","value":"16a0a515c61ba9737cb62fd7796094980baae51ca3ba2c2cf300631239e5cd87b72f263e628e04ea570feb3caa1be5f98aa56a543aac0b8f2aaa36f94cfb6308"},"cachedLocation":"mods/sound-physics-remastered-fabric-1.21.1-1.4.15.jar","optionValue":true},"mods/minimap-sync.pw.toml":{"hash":{"type":"sha256","value":"b9f7063cab944e03a344e56a097c046b70d4252d00f576ffe47a96b436764233"},"linkedFileHash":{"type":"sha512","value":"fb8597a8fa710170b1e52a8682583d018e4578896448b5bedc5b036f113e87add9b1c034277b54056fb2f4c50fd8ebe00f76017cd99e921f48da90075de4e384"},"cachedLocation":"mods/minimapsync-1.2.2+mc1.21.1.jar","optionValue":true},"mods/lithium.pw.toml":{"hash":{"type":"sha256","value":"972db8c2fec6fb2f3545554062d4cd19364778e30d8f079221fe0d459efa8517"},"linkedFileHash":{"type":"sha512","value":"fd3215501ebe8f6590cdf1ccc58182873cad8d74ebc4b0b3a2f5724748b9cb04c2b967503c072311dfbca9ba856195dc4662f3395a071b294fa0acfdd2a86bf6"},"cachedLocation":"mods/lithium-fabric-0.15.0+mc1.21.1.jar","optionValue":true},"mods/packwiz-server-updater.pw.toml":{"optionValue":true,"onlyOtherSide":true},"mods/lodestonelib.pw.toml":{"hash":{"type":"sha256","value":"256cab666206ea129b3fe2d298ee58492bbb7742ce901fcfd97bf4dc4abbb3e9"},"linkedFileHash":{"type":"sha512","value":"5ad36a1b75531571d2ea9bb4c5caa83346e36eb609fb2797df6a36e6adcfcf60bbce17dc8958a9b95e2731c59e958604df72ec6cea86165c4c80b67f30c490e4"},"cachedLocation":"mods/lodestone-1.21.1-1.7.0.5-fabric.jar","optionValue":true},"mods/simple-voice-chat.pw.toml":{"hash":{"type":"sha256","value":"8c79da2a9d2f8f4b628afada45a53ab709fa85e821c5c7071ae768ab57685d59"},"linkedFileHash":{"type":"sha512","value":"f2851be2f37d4a73526b66217f1bd5fef301dc3e0cbcf9f09da34593974be76cbf73af806b2c2802bf2d9f9426c4d2c08308a1ba1d9272922e547afc3ec5dd4c"},"cachedLocation":"mods/voicechat-fabric-1.21.1-2.5.36.jar","optionValue":true},"mods/sodium.pw.toml":{"hash":{"type":"sha256","value":"be0c8881821da897824770b2a71f0f3765a233eda69b295fa5b92ffe8a25014c"},"linkedFileHash":{"type":"sha512","value":"13032e064c554fc8671573dadb07bc70e6ea2f68706c65c086c4feb1d2f664346a3414cbf9d1367b42b8d063a35e40f2f967ef9af31642e1f0093b852161fe91"},"cachedLocation":"mods/sodium-fabric-0.6.13+mc1.21.1.jar","optionValue":true},"mods/oh-the-biomes-weve-gone.pw.toml":{"hash":{"type":"sha256","value":"ed24d5ca8f58fb40d7233f8e9fda80422698055333d3c45d92cfefae66d0eaa1"},"linkedFileHash":{"type":"sha512","value":"d094496a97ef37d9fc154b07c7f885d6d2f6fffcf8b196a74b7554e41f7652b652d8a22d5a6ac41e993b3f32d22ed9ff050df571c684c08b9174306d393cba32"},"cachedLocation":"mods/Oh-The-Biomes-Weve-Gone-Fabric-2.4.6.jar","optionValue":true},"mods/macaws-fences-and-walls.pw.toml":{"hash":{"type":"sha256","value":"93c57990c9353797107ca22b047d3ca732a977b0cfd343a0fb6a70f80649e282"},"linkedFileHash":{"type":"sha512","value":"86e8b6467d42f77ac4bdbac4efaf7cb9922873b2a3a432725ec7ba642cc352e2cebc6eaab969692ee03281929bb9435eb3e89e27f131a9c077dbc9c949146f48"},"cachedLocation":"mods/mcw-fences-1.2.0-1.21.1fabric.jar","optionValue":true},"config/fortnite.txt":{"hash":{"type":"sha256","value":"8f434346648f6b96df89dda901c5176b10a6d83961dd3c1ac88b59b2dc327aa4"},"cachedLocation":"config/fortnite.txt","optionValue":true},"mods/xaeros-minimap.pw.toml":{"hash":{"type":"sha256","value":"8f391603f2b1aaf63717c180e82635b7cd2d57617c02edac60f9d25244731df1"},"linkedFileHash":{"type":"sha512","value":"7702b6a4cd94b7e80e8d381f2d620acc69467ab4df45cd9a4d37d2484dd8b0c3b0048a6be3bec16926b562891c38c0543316cda295a57cb27caad9e9de8a6362"},"cachedLocation":"mods/Xaeros_Minimap_25.2.10_Fabric_1.21.jar","optionValue":true},"mods/forge-config-api-port.pw.toml":{"hash":{"type":"sha256","value":"6afc47cce5b7aa63fb1841b92e532a49f4b9a480e5f99ce92b1a220013b53c21"},"linkedFileHash":{"type":"sha512","value":"488937feba5ea256188c64e1a9651f6f231b07f4acef1dbe9144b54f25e7cf83d9ec5ebcb4d8bcedc6e6e33ce3251b729cb778ffb9f5cf6a407d6b42671344fd"},"cachedLocation":"mods/ForgeConfigAPIPort-v21.1.4-1.21.1-Fabric.jar","optionValue":true},"mods/addonslib.pw.toml":{"hash":{"type":"sha256","value":"3d868e9103d74c33d1a02806dc8d361427968cb514d099017da92a6d0661e993"},"linkedFileHash":{"type":"sha512","value":"8317e0549b0b47fdf5a1c234218685f63fb168754b865e6906ce870eadc91a0ce12ead459b7f69c7683c0f8f287f613dc1ffe02e5b9579bc7e05fbe750b135fb"},"cachedLocation":"mods/addonslib-fabric-1.21.1-1.8.jar","optionValue":true},"mods/collective.pw.toml":{"hash":{"type":"sha256","value":"3c77cfac6baca0b34f29f071d47aed281cf0a27c5284145fff9b1461c24e26f8"},"linkedFileHash":{"type":"sha512","value":"c15608926645d50a418a76a1cdde57c26e0322e15c871d611f2dcac3a3dcdde04eb0e70e809e9bbee698a24edd32a233ca25ab8514dbc7b93cef1cd918ab413f"},"cachedLocation":"mods/collective-1.21.1-8.3.jar","optionValue":true},"mods/macaws-lights-and-lamps.pw.toml":{"hash":{"type":"sha256","value":"288747beb2483e473a86de31a9fff544e398d37e661c4a9bb7aa16769f7ee8f5"},"linkedFileHash":{"type":"sha512","value":"d62ade7bcaad2ba2004db1292e46518ddc2b34c876336ccaf9a5a47c7f2344052865759263102c5786f87b0a30c5b008af23b6bf32cdc828eff3ad1e03e15b7d"},"cachedLocation":"mods/mcw-lights-1.1.2-mc1.21.1fabric.jar","optionValue":true},"mods/yungs-cave-biomes.pw.toml":{"hash":{"type":"sha256","value":"57ae99f727e3fcd7a1abbc624bf14cafa5f092f2082dcf3edc609289efb25c15"},"linkedFileHash":{"type":"sha512","value":"b7fd6386b6652366a950375d352f011310fb40c14aef668d9cf1a4f63080ae3d6b46db302117a32359fbff3327b23b7275f0e39b487e9261f2e5b66a3dbe0409"},"cachedLocation":"mods/YungsCaveBiomes-1.21.1-Fabric-3.1.1.jar","optionValue":true},"mods/attract-to-sound.pw.toml":{"hash":{"type":"sha256","value":"416fecadb91091dcae990c30d981f7c5df3fb5dab187522b831e145c6e814a84"},"linkedFileHash":{"type":"sha512","value":"361217081bdf03984f91f9d26719020032477bd814f788c0d3973f8f5302d6820c8e444840ff1f8377c004c923d0d7039a91b5aa3fb2c8a0254fe51f44157528"},"cachedLocation":"mods/soundattract-4.0.9.jar","optionValue":true},"mods/macaws-furniture.pw.toml":{"hash":{"type":"sha256","value":"1e084c6210b3a8572d010ebc7d7378793a1a99316adaa1d70a46d30926785564"},"linkedFileHash":{"type":"sha512","value":"3d85fe11ae98794c26a0ecd2ad7ab79df8f2fa741f674b4f44d8535f19f2cdeac664b0f38af5e875d0a47b4f196d0003e1f23bff69821e6e68d15544b22c4760"},"cachedLocation":"mods/mcw-furniture-3.3.0-mc1.21.1fabric.jar","optionValue":true},"mods/mindful-darkness.pw.toml":{"hash":{"type":"sha256","value":"d70177535b81d2f9c35843c031a664945e6520122372137ad523b1de4aba63fc"},"linkedFileHash":{"type":"sha512","value":"d82b0b91b0d17c65f1a2537aecbc70c399bb3473a32c0b921838c5c19843b712859fb901b5a093bbbbe974eb88c8750410358a49f88b3c6facee0c48278c43d3"},"cachedLocation":"mods/MindfulDarkness-v21.1.0-1.21.1-Fabric.jar","optionValue":true},"mods/macaws-windows.pw.toml":{"hash":{"type":"sha256","value":"b7efdf14e315ce387de72feb5337e84f96725d6d1c7e4f4cce5d444a75c2da3e"},"linkedFileHash":{"type":"sha512","value":"3a3c3283cac31859fb7ec0abe0f1ff53b39cad07a05a09910888684b580a42ceed6be0c023c9cdc1a865d4a0d2aaa1b7969c0d89c2912629362f173bda1444e6"},"cachedLocation":"mods/mcw-windows-2.4.0-1.21.1fabric.jar","optionValue":true},"mods/geckolib.pw.toml":{"hash":{"type":"sha256","value":"cb82fe764a3b6234e511318c0c2bac54e2d8fef13c5b62df40964d6e2477b65e"},"linkedFileHash":{"type":"sha512","value":"307687b55b2ea779906a3fd96308506c341d641c5d15753d6f92404b232cb4bcc0a0428f8b0aa2149696187769b2dbd86f85f0e4f88834ad2787a9fb06f52c60"},"cachedLocation":"mods/geckolib-fabric-1.21.1-4.7.7.jar","optionValue":true},"mods/jade.pw.toml":{"hash":{"type":"sha256","value":"80858e1b1477432110b72aab33348635139d6e8fe7bc05db3ba00651de635720"},"linkedFileHash":{"type":"sha512","value":"41da113b48d8c5f834a0c36008e65ae13ef8c36563130bb47e2b24cefda8a1f407434f7b32b835f889199dd9a73f66105401561ed9015c997e69239d91c09f9a"},"cachedLocation":"mods/Jade-1.21.1-Fabric-15.10.2.jar","optionValue":true},"mods/macaws-byg-bwg.pw.toml":{"hash":{"type":"sha256","value":"16e3dc421f03ca3d2863f20c1a103cda0cf61f32adf0dfce2fd24e36aa882256"},"linkedFileHash":{"type":"sha512","value":"942bbb8bbc3b49490373ebad3f45814c8a26e6a28493f5878da027d9433089a8c521be901247eb0ab87f5592732429ccaab334da182eb865ce9242efd8862c67"},"cachedLocation":"mods/mcwbyg-fabric-1.21.1-1.2.1.jar","optionValue":true},"mods/puzzles-lib.pw.toml":{"hash":{"type":"sha256","value":"ea6b2156e703ca65e0cf4a7119e2c4a9ea81018860859dd949cd2832dfa3bf07"},"linkedFileHash":{"type":"sha512","value":"83fa4e4532a909520dd571253f7f27e947392180e71cc6b0a17193569305c1a73045f33765d5d4aad0077a5a834163a031227a5f42942c29483c43890da0b7ea"},"cachedLocation":"mods/PuzzlesLib-v21.1.38-1.21.1-Fabric.jar","optionValue":true},"mods/iris.pw.toml":{"hash":{"type":"sha256","value":"5284f6d141a990f4ea021c12b851e07102f5cb22743cf7b33be6ad2eb4c8d3f5"},"linkedFileHash":{"type":"sha512","value":"2e6ba2ffa1e1a6799288245a7e0ac68ee8df1d41b98362189df58f535cae34fa9277801e4136633467341b7dae5be0e5c698011b480b3d91b66d3dd4f7567aa6"},"cachedLocation":"mods/iris-fabric-1.8.8+mc1.21.1.jar","optionValue":true},"mods/figura.pw.toml":{"hash":{"type":"sha256","value":"4ed0328f3789ce169f8a338f2889f47ebb3b2de44dc9a3fe5934ddf2f4141179"},"linkedFileHash":{"type":"sha512","value":"9dd46973d9764752847d8cff4287b14d681d4f1a4b4ea7001ddf49835db98995f8727e6c103f6a8eca7d35e136786077a9b323a36d65d6d76ed25eabb9d35fbf"},"cachedLocation":"mods/figura-0.1.5+1.21.1-fabric-mc.jar","optionValue":true},"shaderpacks/cursed-fog.pw.toml":{"hash":{"type":"sha256","value":"8aa04f2a3626804daacce6b08a9c229accbb3773a64ebc3e356c624a21da163f"},"linkedFileHash":{"type":"sha512","value":"4f9886485c42c6abfb1e5f50778d90c9c836d504c4cd99f2a22a53f44342db5c758d2fcabe4a7d84498940ddf23cdb82d677eb6c4cd588bde7e98b86f84e2bd7"},"cachedLocation":"shaderpacks/Cursed Fog - V1.0.7.zip","optionValue":true},"mods/macaws-stairs.pw.toml":{"hash":{"type":"sha256","value":"b298c392b78418707ae9a32e2cf0af27ea9e57a0a673b895012dc90d08b73157"},"linkedFileHash":{"type":"sha512","value":"a74712f41c5184b82fc4f802369f643686c30579a739132c9741f1db193027f091caf20b866be7a12f73a0c0ef0878bc98a423e2fd0eef95f440d4f4249f600b"},"cachedLocation":"mods/mcw-stairs-1.0.1-1.21.1fabric.jar","optionValue":true},"mods/macaws-roofs.pw.toml":{"hash":{"type":"sha256","value":"8d4ecc66f120419b4bc09fdd14151d2a207ddec30b46ae2184300fec0031b092"},"linkedFileHash":{"type":"sha512","value":"dd44de51a347a330e5a43db7934680d2b8ff1f2c59bded4ca2ad292f9a1381ef40f3ccc50f3249dd38fcbf0277ab49ec9b456689bde023ce1a08c5a86a32c2e0"},"cachedLocation":"mods/mcw-roofs-2.3.2-mc1.21.1fabric.jar","optionValue":true},"mods/sound.pw.toml":{"hash":{"type":"sha256","value":"373bee14263bd8c1b285d93a2793a51c84e34b0d0065a1be7b425c5aac6e8285"},"linkedFileHash":{"type":"sha512","value":"5e656231c5dcd2ae4520c4687a60cb7c0b4d9236a29e21b899e2af4f9430e6485e7343c1ad5262f60d1a52c8f0bd497a91f0d053041225712326721e0021f7ee"},"cachedLocation":"mods/sounds-2.4.13.1+lts+1.21.1+fabric.jar","optionValue":true},"mods/figurasvc.pw.toml":{"hash":{"type":"sha256","value":"a8128376cf439df26f354091aa92c4c8828a01940de3eac3150b36a9b51f613e"},"linkedFileHash":{"type":"sha512","value":"19036a5d43deb101901777000e4051d8231a8dbad5e38492138adf805dc7d1b561acc697d687d43818baa743a80fae93283fd653404c7bf23ee2fb9f816a78e0"},"cachedLocation":"mods/figurasvc-2.0.1+1.21.1.jar","optionValue":true},"mods/terrablender.pw.toml":{"hash":{"type":"sha256","value":"e35593590fe988653baebae4638f6c93b5d822351274955cc1288b34fe5429fe"},"linkedFileHash":{"type":"sha512","value":"f933f0c70babe3cf1efe3b8121486f26db9d48799b6d50557ec4f7bc47e553fe00c837f4940d70aa2eab7f13f91065a9e56c0cc53f8aa2393edaf423f80997b8"},"cachedLocation":"mods/TerraBlender-fabric-1.21.1-4.1.0.8.jar","optionValue":true},"mods/architectury-api.pw.toml":{"hash":{"type":"sha256","value":"1102440dd2533ba3a154419bb95ff1f81b858201eb0c44d2a2eea486c74e565a"},"linkedFileHash":{"type":"sha512","value":"7a24a0481732c5504b07347d64a2843c10c29e748018af8e5f5844e5ea2f4517433886231025d823f90eb0b0271d1fa9849c27e7b0c81476c73753f79f19302a"},"cachedLocation":"mods/architectury-13.0.8-fabric.jar","optionValue":true},"mods/yungs-better-dungeons.pw.toml":{"optionValue":true,"onlyOtherSide":true},"mods/macaws-trapdoors.pw.toml":{"hash":{"type":"sha256","value":"9c814e3178b386f49e8d7b9ee060c26a51809c14331d9718ac9794be3e79d750"},"linkedFileHash":{"type":"sha512","value":"b1abfc7e4d3c57e3b03a1c7d2b0aaa8a56c12103d16ba739e85a312ee3b037986d3c799836089254bfb457451b9f032b728372999a03b96882aa5487e05bd904"},"cachedLocation":"mods/mcw-trapdoors-1.1.4-mc1.21.1fabric.jar","optionValue":true},"mods/yungs-api.pw.toml":{"hash":{"type":"sha256","value":"4d98bdba90cdeae788a747bb6fe7d438ba49fdc4eb67c38d4573304eec4a2ef8"},"linkedFileHash":{"type":"sha512","value":"fc05fb3941851cfa5c8e89f98704938a5b0581f66fe3b1b0d83b2f46f1cb903e1e1070f40c92a82da91813b36452358d6b2df7dc42a275f459dc5030ea467cb6"},"cachedLocation":"mods/YungsApi-1.21.1-Fabric-5.1.6.jar","optionValue":true},"mods/cardinal-components-api.pw.toml":{"hash":{"type":"sha256","value":"e1e2cc528cc5bca494254c26e849d6f8f9cb4a1305061ae9c86dcd3d48d4920b"},"linkedFileHash":{"type":"sha512","value":"03b21994421da537d6ded9a327da42fc8e74ef2326f9c1b5552c031b396a99e9ddec7a65b9e4b2e5dffce38add1d77ab009f4268cd31d5d4af5aa97dc4f37843"},"cachedLocation":"mods/cardinal-components-api-6.1.2.jar","optionValue":true},"mods/lambdynamiclights.pw.toml":{"hash":{"type":"sha256","value":"7237645499c4e9a4699a241485112b97cd695776f5cf182bb24e1696943757dc"},"linkedFileHash":{"type":"sha512","value":"7371753a2985aed98476781087ddf9b46e41e9e7be0810094aa5bdfb0e84e78bbdf019a510ac0d3cb0aa0bd84635b38fb5139f086b6a6cb4ed776c5e91902462"},"cachedLocation":"mods/lambdynamiclights-4.1.6+1.21.1.jar","optionValue":true},"mods/yungs-bridges.pw.toml":{"optionValue":true,"onlyOtherSide":true},"mods/corgilib.pw.toml":{"hash":{"type":"sha256","value":"0381a70aa3e0234278892a6c19948d40c2345b58407bd757f19768ac07488f2a"},"linkedFileHash":{"type":"sha512","value":"1fffa4d31e80c76fde84651b6295847167d3186b51d610bd5568397a9d53f77d883854bb116c7738a001def78c24e48ae36c287f16492921cad263e32b5bea6e"},"cachedLocation":"mods/Corgilib-Fabric-1.21.1-5.0.0.7.jar","optionValue":true},"mods/cloth-config.pw.toml":{"hash":{"type":"sha256","value":"446c173c87b7908daee86b0dee89c6b628c77beb7a0bc091ff5252b7c0062080"},"linkedFileHash":{"type":"sha512","value":"1b3f5db4fc1d481704053db9837d530919374bf7518d7cede607360f0348c04fc6347a3a72ccfef355559e1f4aef0b650cd58e5ee79c73b12ff0fc2746797a00"},"cachedLocation":"mods/cloth-config-15.0.140-fabric.jar","optionValue":true},"mods/simple-menu.pw.toml":{"hash":{"type":"sha256","value":"86507d84f9c4de051c1ed0575b6831b5a940e58913b81129cb421b5616ca63ae"},"linkedFileHash":{"type":"sha512","value":"7180cefe45cbb4190ab586f5840d97df31d8e5d29ad264280370788ee0c17d9101be4b95ef90b7d8dd872272c7a207cacf7aaa503d85a2ab4053e1f57dd56ab5"},"cachedLocation":"mods/simplemenu-1.21.1-2.0.jar","optionValue":true},"mods/coolrain.pw.toml":{"hash":{"type":"sha256","value":"6b461c90adcdfd87dd45890dbf79cd682c3eed1067a981c57b9e256caebdbf11"},"linkedFileHash":{"type":"sha512","value":"bc62ea4dc290febafc1edef52f357c136fe6293368132a8cffc05b41bdce088fa3dbaf71561c113e368596fcbfa3e45a9697a02b5e29068046644803dbc464c6"},"cachedLocation":"mods/coolrain-1.1.0-1.21.1.jar","optionValue":true},"mods/nyfs-spiders.pw.toml":{"hash":{"type":"sha256","value":"1e2b3c4d14e7eb437ce71ceca81b54e345252dcd8d4e6533bf259ea7c7491302"},"linkedFileHash":{"type":"sha512","value":"5872af47408d0f4e7b80e0a498754cd2b91327e263333f1b45c3df8f8bb59b3ffdba5b004d52d4260ee2295eebc5a5f396b0b7b4eb0b45d26d9c9074d6dbc0bb"},"cachedLocation":"mods/nyfsspiders-fabric-1.21.1-2.3.2.jar","optionValue":true},"mods/jei.pw.toml":{"hash":{"type":"sha256","value":"b465b646e5499dd0bbea8905fca7b01265fe013bf36ccba2c92e822e7f9c24df"},"linkedFileHash":{"type":"sha512","value":"12980ac14e6219720981531aad0fbf901031f8fde5634cf16c54d0e3b9c8c966a4763f1f3f62663a6f3f9361bb9f9b19adcd92a353a96adc1f5f001ad47f255c"},"cachedLocation":"mods/jei-1.21.1-fabric-19.22.1.316.jar","optionValue":true},"mods/indium.pw.toml":{"hash":{"type":"sha256","value":"5f694b0c16bfbf69b05cb28eef7a553ae548e623bc2cbccc98e01d950d3611db"},"linkedFileHash":{"type":"sha512","value":"5f5e8a6ce29e6faecf442fe1fad76a3dd3631d83daa30423ba5cdb2cacf7efd92c16f05b65c3270faa23e4a803f392db9af40a030b81ea898550eded74ea8706"},"cachedLocation":"mods/indium-1.0.35+mc1.21.jar","optionValue":true},"config/iris.properties":{"hash":{"type":"sha256","value":"57bc6fa060d3df9acb2f6944260a6a59dd972dbb040445e2a2cac5140d889900"},"cachedLocation":"config/iris.properties","optionValue":true},"mods/noisium.pw.toml":{"optionValue":true,"onlyOtherSide":true},"mods/logical-zoom.pw.toml":{"hash":{"type":"sha256","value":"b2b91a03cbe3cc5db03074817a2db5200e2a62dbf64024ab130f6cd96f4827a4"},"linkedFileHash":{"type":"sha512","value":"3914d15f37fc208496a13e8956988fc8cbe4b7673e39b4835748ff3655267f4f3d99e39ee4926880d562663e354966096e4b1aba65c5c66ded947dd7a28cc1ed"},"cachedLocation":"mods/logical_zoom-0.0.26.jar","optionValue":true},"mods/ferrite-core.pw.toml":{"hash":{"type":"sha256","value":"9fb4d588bd578e2f16a9605ff6303872130b36ccb0fdfff98bd7274da94f91b9"},"linkedFileHash":{"type":"sha512","value":"ca975bd3708cd96d30cf1447ac8883572113562eb2dd697e60c1cf382d6b70d0b1a511fcbfd042c51b2cf5d5ffc718b847f845e4c8a3e421e8c9ee741119a421"},"cachedLocation":"mods/ferritecore-7.0.2-hotfix-fabric.jar","optionValue":true},"mods/immediatelyfast.pw.toml":{"hash":{"type":"sha256","value":"0e5b10aefb078de8f531b588b6384cbfa585f8c6991b0b9b21dce1d642a6d840"},"linkedFileHash":{"type":"sha512","value":"7855cbfc71f24d5a6a09211061bc0a88c2b7c597bb38850e6c8c15796ad0ad1daf5c1c7b1cf519124e97ab0ef1241cb2e9509a9b4f998aa18c7a2588a9b1eca7"},"cachedLocation":"mods/ImmediatelyFast-Fabric-1.6.6+1.21.1.jar","optionValue":true},"mods/modernfix.pw.toml":{"hash":{"type":"sha256","value":"fa01d0d1b480410d3b46647b676849a7c266a9a9c0fdf444cbf80eb56a559d92"},"linkedFileHash":{"type":"sha512","value":"43a81e63638387701edc49aabbde9e293890165e6e3b2df378aeabf56ea41fd666c1841cfac488e8d723ee99a673e09de4cc37a3e2141e04216f4aad5254dae1"},"cachedLocation":"mods/modernfix-fabric-5.24.3+mc1.21.1.jar","optionValue":true},"mods/yacl.pw.toml":{"hash":{"type":"sha256","value":"85e218135c26643e5802980d2f0bad5f6229e96d5231471f5a1b249520e7e8b3"},"linkedFileHash":{"type":"sha512","value":"7ec418266402a702423da1f32433b731c3b27fbb493d6b1e63cffeaa31a6a8435493e45c8e5e64370910095b9cf39b52257e5b74b9bdb1ff606933db98862e3e"},"cachedLocation":"mods/yet_another_config_lib_v3-3.7.1+1.21.1-fabric.jar","optionValue":true},"mods/c2me-fabric.pw.toml":{"hash":{"type":"sha256","value":"17b40cfda4539840d350572bc5693a5984e862ecb58c2458f33822a074381bc4"},"linkedFileHash":{"type":"sha512","value":"5ae8ff5e2d6b849aee1e71ee5ec22f68c3713617b9e246de7fdfea8af8d7a84d63f2cb13ed0949dfb119c7d647295244b476d34c618baf3bed171e33fc3872d6"},"cachedLocation":"mods/c2me-fabric-mc1.21.1-0.3.0+alpha.0.320.jar","optionValue":true}},"cachedSide":"client"}