{"packFileHash":{"type":"sha256","value":"f838dd973ee0579d3c1a0470e72a6cc828693bb2e32e99dddd54450629729e07"},"indexFileHash":{"type":"sha256","value":"aaa28acdbeb7ccbef810563dcc6d01d73f238fb32d7cbb97deb98b20cef496ed"},"cachedFiles":{"mods/macaws-bridges.pw.toml":{"hash":{"type":"sha256","value":"ace2b470981f950cd04f22d9dbd8e57fc8a3e3059f282f36b720ed02a640da0e"},"linkedFileHash":{"type":"sha512","value":"dc19c2c6ff69df4772299eeca27aa61bbe617bcfbcd9dc9da307024a8f5cfd630fe44a856e869416ad2de9422c75a3878a604779c95ff8f046f316687b28701f"},"cachedLocation":"mods/mcw-bridges-3.1.0-mc1.20.1fabric.jar","optionValue":true},"resourcepacks/willows-scary-cave-sounds.pw.toml":{"hash":{"type":"sha256","value":"813acc3118730e2d29fc78ba0b4451a6333a7373503385da3b27de6e68601ec5"},"linkedFileHash":{"type":"sha512","value":"e79f171c265a0a58b3a117aabb9b42ec53b6916e8e5bef26c4ba2e4d90cdc116c86fc88836e7da52f7a1a04248b09fa44117aceec3e78bfad83c2e1b89c4405f"},"cachedLocation":"resourcepacks/willowscavesounds.zip","optionValue":true},"mods/oh-the-trees-youll-grow.pw.toml":{"hash":{"type":"sha256","value":"acad2a12b636b0ca49683143e75db1e9c27ab8601f2f7aab720c962749e1935b"},"linkedFileHash":{"type":"sha512","value":"462cd4ea21144721564f838d4f749b6222e1fe8b2a0dfb26c5dd4839556bf1f46432ad168b0f9e2eefa46265a1419c36eb5d5d74057863dbad785eb1c999dc85"},"cachedLocation":"mods/Oh-The-Trees-Youll-Grow-fabric-1.20.1-1.3.13.jar","optionValue":true},"mods/yungs-menu-tweaks.pw.toml":{"hash":{"type":"sha256","value":"318069e00a76ad4ff9e65daf829f43b03f0c9495046ba2f6f80dce4cb442c9d8"},"linkedFileHash":{"type":"sha512","value":"dabd072d735b802a1e62f62e8ce9b3276c931a16f6d4e160f77f31d511ebc368fa9a3580a70df8438739f86ad606e1d4e16b687b0953e5917bf9814ce5a8c930"},"cachedLocation":"mods/YungsMenuTweaks-1.20.1-Fabric-1.0.2.jar","optionValue":true},"mods/mru.pw.toml":{"hash":{"type":"sha256","value":"10430695ad67fd14a9e208c0ebe6efaf073cc78e3292f52159b2d04b75b87214"},"linkedFileHash":{"type":"sha512","value":"2212b321c5b0bad4583c12385932eee57d3ffb6d37e7b63a434fcba0f8f154fa1b57370aaadf2352ad35f85cde12ff138e3b50787afa515ac9ba9d961b03d436"},"cachedLocation":"mods/MRU-1.0.4+1.20.1+fabric.jar","optionValue":true},"mods/botarium.pw.toml":{"hash":{"type":"sha256","value":"2f57caef93731338be19b1e14065978eb3e14dbfc0c1f9699dfcc2f201e2c23b"},"linkedFileHash":{"type":"sha512","value":"03589a8d05c17dbb4271c212d0eb00c53d9d5c0705f63c7816ff9e099245db71f94e7c544e323beaeac28d30bd3807eeccb1352792cb6d778ff6ecf68f4635c7"},"cachedLocation":"mods/botarium-fabric-1.20.1-2.3.4.jar","optionValue":true},"mods/fabric-api.pw.toml":{"hash":{"type":"sha256","value":"2b7949e506ba69c57139127c0ccc6caf5a9ec5ec97788b81288118db3d7c2ad3"},"linkedFileHash":{"type":"sha512","value":"2bd2ed0cee22305b7ff49597c103a57c8fbe5f64be54a906796d48b589862626c951ff4cbf5cb1ed764a4d6479d69c3077594e693b7a291240eeea2bb3132b0c"},"cachedLocation":"mods/fabric-api-0.92.6+1.20.1.jar","optionValue":true},"mods/from-the-fog.pw.toml":{"hash":{"type":"sha256","value":"c2fb39a9d55078a3929cfee2b922b725704d0fdff4b24936b2c0d1500061885d"},"linkedFileHash":{"type":"sha512","value":"918386274b05335b4fcb0f8f42e8a2b5bdff699853fe39cc41709adff1aedbec151e1ab90ec2158db8e4aba89e4130bc9f6a4f0fe956fe155c8c970c1f8e341d"},"cachedLocation":"mods/From-The-Fog-1.20-v1.9.2-Forge-Fabric.jar","optionValue":true},"mods/sound-physics-remastered.pw.toml":{"hash":{"type":"sha256","value":"1bbcd93da10c76fb2ae2ae10612554533ac5f7c8ffa9c48a784a4600ccf4b753"},"linkedFileHash":{"type":"sha512","value":"f1eb2cb5a6c33caf281fde33788f948192649c38c110c7d372a7d290d92254c2e65dfdb9ab6b5f0a767fd2d7bfe25f7874d9131c323078a156b26c842544e818"},"cachedLocation":"mods/sound-physics-remastered-fabric-1.20.1-1.4.15.jar","optionValue":true},"mods/create-steam-n-rails.pw.toml":{"hash":{"type":"sha256","value":"b79bc9976d5958f4b88ca23575e0d0dc677a2b06931108f6f7bc3fd3e46bb22c"},"linkedFileHash":{"type":"sha512","value":"048a0cad7fd4f9eb7516ee557a8d427f4e65b7e7020a24f60fe171f5b84c53dc0a67b603fc4a7d063f15df05ae5e35fc4ff64ec1b8996ca6fc42833fc2f5d55b"},"cachedLocation":"mods/Steam_Rails-1.6.9+fabric-mc1.20.1.jar","optionValue":true},"mods/minimap-sync.pw.toml":{"hash":{"type":"sha256","value":"6a615f16b7151a42219b7c4be120b6f751270864f206c4b6dd9e2d11213a3ba4"},"linkedFileHash":{"type":"sha512","value":"ffcfbbcc059e5f65735629aa99dd9be081c3050bf907ac5a0e624106e93b523384d39339e731e9e632e69d434b745e7957cd5eb3d25f626c80e662043a1e2e72"},"cachedLocation":"mods/minimapsync-1.1.2+mc1.20.1.jar","optionValue":true},"mods/lithium.pw.toml":{"hash":{"type":"sha256","value":"a08a445002542d96a8481654c3f4b5e2d3c064f77b477aeaa3a1d1c3cd396ca8"},"linkedFileHash":{"type":"sha512","value":"dc9bc65146f41cf99c46b46216dd3645be7c45cfeb2bc7cdceaa11bcd57771cdf2c30e84ce057f12b8dbf0d54fb808143cf46d92626370011ba5112bec18e720"},"cachedLocation":"mods/lithium-fabric-mc1.20.1-0.11.3.jar","optionValue":true},"mods/packwiz-server-updater.pw.toml":{"optionValue":true,"onlyOtherSide":true},"mods/lodestonelib.pw.toml":{"hash":{"type":"sha256","value":"b42622e3f22f315c30d843e874a2d91d9379ceb5e19861c5393552ecacc42753"},"linkedFileHash":{"type":"sha512","value":"55bd6e3bfe397a1ab32b8d8418192bab206f8d5ac94d1f957cb76697b4d977e8928bd6eefe1f0933420baa25f40653e48995e3b8cf273dda4d8c262c75385f5e"},"cachedLocation":"mods/lodestone-1.20.1-1.6.2.3f-fabric.jar","optionValue":true},"mods/simple-voice-chat.pw.toml":{"hash":{"type":"sha256","value":"15a2a2b64ce2acc534793268a84f76e1f46cbccd409633879b1655afeb0b85c7"},"linkedFileHash":{"type":"sha512","value":"f29a69831284636642e21d43bc365866ca8dd9d845408020477b4ca6b51a230e06746c30cf7532e0637c8f8354241f15450d9450a4cf18b82ecf30bf058b93e4"},"cachedLocation":"mods/voicechat-fabric-1.20.1-2.5.36.jar","optionValue":true},"mods/sodium.pw.toml":{"hash":{"type":"sha256","value":"ecf8e1df2361e5f1d090f83eee16c449ff1021dfb2da46474a72726406d5d535"},"linkedFileHash":{"type":"sha512","value":"81c64f9c2d3402dfa43ee54d8f5a054f5243bfb08984e3addcab9fe885073c79c43c1c8c41e8f30b625d26a656f82a8e5f370bbbbf222ff1c08f4b324edb7ea4"},"cachedLocation":"mods/sodium-fabric-0.5.13+mc1.20.1.jar","optionValue":true},"mods/oh-the-biomes-weve-gone.pw.toml":{"hash":{"type":"sha256","value":"10ff63fee0a5224dc82344cf01809b9e4b909c8f6fbfc1d378f222797de49ce0"},"linkedFileHash":{"type":"sha512","value":"9841e5efcb59554e34002c6a29a7adceeb4af01294cf952e2ec49e2174ca2e42e829c40788c9b460ad9975e8a05b8cc315b3f6b033445e07627c30f08f717878"},"cachedLocation":"mods/Oh-The-Biomes-Weve-Gone-Fabric-1.6.4.jar","optionValue":true},"mods/macaws-fences-and-walls.pw.toml":{"hash":{"type":"sha256","value":"138d998816672a15b1de2405078654d64eeb4ccce7e226a78dec9f76940ad80f"},"linkedFileHash":{"type":"sha512","value":"2090f15294b756a9945bb53978856ad0f83e574fad4fae74d2fd701a1d7289b4ef749c6654311b0ed2dad316e019961b4af467d7fd4058a3c4be2560edbaba2d"},"cachedLocation":"mods/mcw-fences-1.2.0-1.20.1fabric.jar","optionValue":true},"config/fortnite.txt":{"hash":{"type":"sha256","value":"8f434346648f6b96df89dda901c5176b10a6d83961dd3c1ac88b59b2dc327aa4"},"cachedLocation":"config/fortnite.txt","optionValue":true},"mods/xaeros-minimap.pw.toml":{"hash":{"type":"sha256","value":"fce84613bee3b0f5a3749b187c98f9aa60c54e384d46dabaca909c6059264354"},"linkedFileHash":{"type":"sha512","value":"88fc990518c174de1df1b57aeacc2085a789bac954547fff3f87ddcdfa8fac5ab284edc62d4461b464fffd3e9a6ec18f39d941360fdc8b52a035095888b68623"},"cachedLocation":"mods/Xaeros_Minimap_24.4.0_Fabric_1.20.jar","optionValue":true},"mods/tense-ambience.pw.toml":{"hash":{"type":"sha256","value":"dfc1fa8675f3ce3941007c97e0339940764be4dc32009432a18c1c542b1eb0c5"},"linkedFileHash":{"type":"sha512","value":"5093e58d870a620b55e25c4098cb9d97853c924c9d8a2dd39496239e3ee2fdf65d3d60376b5dd94de10a576e9493ffe59472c8f597ed8437f9bf5daf99702c54"},"cachedLocation":"mods/tenseambience-1.18.2-1.21.1-FABRIC-1.7.0.jar","optionValue":true},"mods/farmers-cutting-oh-the-biomes-weve-gone.pw.toml":{"hash":{"type":"sha256","value":"28a6b94a70908a3af4ff895a4b9266dca397e9dfee4d9aca07b59fd65626f4b7"},"linkedFileHash":{"type":"sha512","value":"3b79b5d5fd419899318e29e524553aa6c0d365219cff8806f4370be9b3b6820aa3986fafb55b9c8f4ed285ab0ebad22f375bc18ecc1eef9944a0571ebc7499bb"},"cachedLocation":"mods/farmers-cutting-oh-the-biomes-weve-gone-1.20.1-1.1-fabric.jar","optionValue":true},"mods/farmers-delight-refabricated.pw.toml":{"hash":{"type":"sha256","value":"5c98012330282f45370e95f4206ccf214fb059b73a8b4ebe0aeb2ae57647d8d5"},"linkedFileHash":{"type":"sha512","value":"298a416f5718926dfb825725705f3baa2b1b1ae0d8462df3fa0ca0f9d9f681570ef431b9ec37e0cdb52c82c195c6d010671a5e2b235fa182c4bcbf9c2978db79"},"cachedLocation":"mods/FarmersDelight-1.20.1-2.4.0+refabricated.jar","optionValue":true},"mods/forge-config-api-port.pw.toml":{"hash":{"type":"sha256","value":"4449401b59481016fa2a66d6e749795129160cb1ab3e7932e15033c6b5815455"},"linkedFileHash":{"type":"sha512","value":"c74fda4c25f42f182cae4ef2abaceb6992f14015a9b97570460c98f3cec15db6f7f2806f970efa1d10ffab62dd50257f8486cb586da129459225e3aa8db71ae0"},"cachedLocation":"mods/ForgeConfigAPIPort-v8.0.2-1.20.1-Fabric.jar","optionValue":true},"mods/addonslib.pw.toml":{"hash":{"type":"sha256","value":"1b6e4f43c8138e60d9f2283c83fa5f5e5c267b35ca764952699472c751647642"},"linkedFileHash":{"type":"sha512","value":"8285af8b1c35265cc98b8962ac67dff831eeb21345699ab4bd2127902a346dbf2c6be89655acab056469d520575d927de6f611ed7ab9b6aeb8580502c4b1aa63"},"cachedLocation":"mods/addonslib-fabric-1.20.1-1.5.jar","optionValue":true},"mods/slice-and-dice.pw.toml":{"hash":{"type":"sha256","value":"47493d398295964924d386d0fb866dac1a2d5e0cd4692b8436ea2552ce6c99f6"},"linkedFileHash":{"type":"sha512","value":"0afb4988affe98b88122285f956d045f4e345aca25c16dd2c62b0d876f1ff21e0f613f2ab06399634ae32ed196ce888b6c7bb7df06c7e4b4a53713761a0fcc94"},"cachedLocation":"mods/sliceanddice-fabric-3.3.1.jar","optionValue":true},"mods/collective.pw.toml":{"hash":{"type":"sha256","value":"a26cea970dd7ffc20aeb983912e72ba57e83f6e1a42a661a5b4250f77de25650"},"linkedFileHash":{"type":"sha512","value":"11263db68965bd7d727284ecfd84047d0085c647af1aa8903896946515742ae5ced21cf3b46497dcf5e35ff1f0db646dad2bc330b9c3997cf75b304d34e4f745"},"cachedLocation":"mods/collective-1.20.1-8.3.jar","optionValue":true},"mods/macaws-lights-and-lamps.pw.toml":{"hash":{"type":"sha256","value":"52474049a6eef09eb3cbd35d92c4249808f4d2338bd4da272991f2924da3c47f"},"linkedFileHash":{"type":"sha512","value":"6c7fb28af2265602baa56ea040e1729be2e4156a9a874c77ef662dfc3a386662347c129f529cb245c14bfde20aed5155c72efb635d387876f619e2c0c266bfea"},"cachedLocation":"mods/mcw-lights-1.1.2-mc1.20.1fabric.jar","optionValue":true},"mods/yungs-cave-biomes.pw.toml":{"hash":{"type":"sha256","value":"c88e67b13d956c65d84f07d238caf8f8f5ebee8790c9d1ff43013045dda42601"},"linkedFileHash":{"type":"sha512","value":"02e689eb98ddd8390f1853751891addb4e0888ce35682ab12e565dba842d999d494284ac7423783ab10c333d1888284ca30a7e21d358e5a5002b1bb8086af37d"},"cachedLocation":"mods/YungsCaveBiomes-1.20.1-Fabric-2.0.5.jar","optionValue":true},"mods/attract-to-sound.pw.toml":{"hash":{"type":"sha256","value":"dcde62e86bfdeedc0b75f71e20c015ae847cdc27321af004d638f4022c8b339d"},"linkedFileHash":{"type":"sha512","value":"46ac855d0e3a7007fb293716b5cd95517b30ef1f7b7f3311845826e7e23e00213195093c0377fb10ec37d882d626ff49c900cdd3c0e5f2ad6517a9db54376937"},"cachedLocation":"mods/soundattract-4.0.9.jar","optionValue":true},"mods/macaws-furniture.pw.toml":{"hash":{"type":"sha256","value":"2119cbbefc4cddc7dcd10e3b8e3bcfde462242aa8383f62d4218ffd14d3ce7e7"},"linkedFileHash":{"type":"sha512","value":"6e9adf5dc3005a2e7fa5ebb53500bb7735ee665e1e2c77b3dc2d35c0a55ed3ef8385a6785356572bb4576940c13dc7d63f0afbea9361b97363eafa2ba7dc4876"},"cachedLocation":"mods/mcw-furniture-3.3.0-mc1.20.1fabric.jar","optionValue":true},"mods/mindful-darkness.pw.toml":{"hash":{"type":"sha256","value":"5ef4415598aa0f1596686961bfcd3c65761129e7fc49ac8b82c6bd9001d8ed52"},"linkedFileHash":{"type":"sha512","value":"4177ea8edf142f299ea7e1d974d0bc7e441f4a378e7e0a65de62044af1796d406cd88dc75b9ecd7350c8056db5f6c4214bae38e6043baa3d736be7a7aee3d629"},"cachedLocation":"mods/MindfulDarkness-v8.0.3-1.20.1-Fabric.jar","optionValue":true},"mods/fabric-language-kotlin.pw.toml":{"hash":{"type":"sha256","value":"36587a2be418f365faa1a6deac5eadcc00b6a79ebacab25ad87839f9ddc021e7"},"linkedFileHash":{"type":"sha512","value":"bae89ea5e71895f5a760def61359bb90a715832d998aec8141902410c503533fc42631e033109fcc9cdb3f869c58da9b89e9efc3b3ef112cbafe27059de9239e"},"cachedLocation":"mods/fabric-language-kotlin-1.13.5+kotlin.2.2.10.jar","optionValue":true},"mods/macaws-windows.pw.toml":{"hash":{"type":"sha256","value":"0a6b6ce76026e217af6d2c1d2f8cf6992ae45026a94172687d9c50cbf2e00b5a"},"linkedFileHash":{"type":"sha512","value":"ed01451467ffc7ae87896679d47dc395816f4b4331c392b13aa007124f5225605adffd4ce556480fbab4f02e311d52222294b8916e54b567641f5e570fa1ffd2"},"cachedLocation":"mods/mcw-windows-2.4.0-1.20.1fabric.jar","optionValue":true},"mods/gamemenuremovegfarb.pw.toml":{"hash":{"type":"sha256","value":"7ba1ee17ae84573c42962307ddca83c8874f9d6f728a5a3937499c56517d97c7"},"linkedFileHash":{"type":"sha512","value":"b8b2c84a41f34e1594705c94c3a921bf149debb892a885c7b973209678c822ec8bd725c577fdf7957da96ad82f292f4dcaf483e544c427320a12be0a814b079b"},"cachedLocation":"mods/gamemenuremovegfarb-fabric-mc1.19.4-2.1.2.jar","optionValue":true},"mods/geckolib.pw.toml":{"hash":{"type":"sha256","value":"26eb9a0d230cfebd3e32df2db21326d45ecca1348fb3d731657f3e55a9dde467"},"linkedFileHash":{"type":"sha512","value":"d28e58213847debfd942658091a4cfba388b548fdebfc516c69b40401217790b1a0f30d3fbf8dc1bca3bacf32d867ea9ab76e670e590c83000c7a16c72d73123"},"cachedLocation":"mods/geckolib-fabric-1.20.1-4.7.4.jar","optionValue":true},"mods/jade.pw.toml":{"hash":{"type":"sha256","value":"d5faaf6d7e4be8bdf9b1b200edee175c2704ce13abad9d1951a4d4a45b432d4e"},"linkedFileHash":{"type":"sha512","value":"048029727a30462abc8e43ecae2d5178ab653783c6dbcb2bd7c4c9cc1bb7c7a2ad5267ca3f89757f5b716da3f653b8e60ed8f46497917f26f094acc8f7dd7dc9"},"cachedLocation":"mods/Jade-1.20-Fabric-11.13.1.jar","optionValue":true},"mods/macaws-byg-bwg.pw.toml":{"hash":{"type":"sha256","value":"0f6304d214a2a9958365f9b34219d586a4c7be8853c6b43f03077f7b6429782a"},"linkedFileHash":{"type":"sha512","value":"a6a9e94603423e87033572bf8c99912968045ee50661f4fecb4183dd86711ba86f2a0f3c2500bcc72e8cd09d809b8448eeb02e997dcf4cb263998d53616ab738"},"cachedLocation":"mods/mcwbyg-fabric-1.20.1-1.2.1.jar","optionValue":true},"mods/puzzles-lib.pw.toml":{"hash":{"type":"sha256","value":"a1eff7b33a54586b6989c7bfd89992f9d315f1c656b7596649d9af7017c6af7b"},"linkedFileHash":{"type":"sha512","value":"86e57fcf41a1b1f6f33375a10e3eba5c78b7e634b5c694d9082e7f56f77aa6339a5d0bbfe4e50978154e3246a70d5a4a7b6570b56fd70ae41033f870de3178d2"},"cachedLocation":"mods/PuzzlesLib-v8.1.33-1.20.1-Fabric.jar","optionValue":true},"mods/iris.pw.toml":{"hash":{"type":"sha256","value":"99efc9e805ce2888680d3cacb9be65733c6d4a8cfcb77e1976205f758db24346"},"linkedFileHash":{"type":"sha512","value":"f1337b0441c31269bd3bfcb28647d521326a83e73128c1ac8d065615f8a5a4ca1e8c96a468b356584236ece5b164ec8d8a52b1878064f4e391ecf4f32885e301"},"cachedLocation":"mods/iris-1.7.6+mc1.20.1.jar","optionValue":true},"mods/figura.pw.toml":{"hash":{"type":"sha256","value":"fcfd264784dcda039d9efc0b3e47ef1f04521698761a34d2f20379d5f9c0fe26"},"linkedFileHash":{"type":"sha512","value":"a842ae03f4477873934ad2a3bfeb50dcd75a668a91c072550c7db30dcd8825307bb74cfc26b3ae4a9ae933253a768eaed58ed7267221f2654ac2a93955a601ec"},"cachedLocation":"mods/figura-0.1.5+1.20.1-fabric-mc.jar","optionValue":true},"shaderpacks/cursed-fog.pw.toml":{"hash":{"type":"sha256","value":"8aa04f2a3626804daacce6b08a9c229accbb3773a64ebc3e356c624a21da163f"},"linkedFileHash":{"type":"sha512","value":"4f9886485c42c6abfb1e5f50778d90c9c836d504c4cd99f2a22a53f44342db5c758d2fcabe4a7d84498940ddf23cdb82d677eb6c4cd588bde7e98b86f84e2bd7"},"cachedLocation":"shaderpacks/Cursed Fog - V1.0.7.zip","optionValue":true},"mods/macaws-stairs.pw.toml":{"hash":{"type":"sha256","value":"68f3df9e9436029ff619c72348779739fcccb842ab575925dcecc8c904c992cd"},"linkedFileHash":{"type":"sha512","value":"c0f17a33ccffcc9f5cfd9f1518a25e98d156aa2e7aed682a24effe035ec971127a0fc58c4fc9c7e3d5840c432d1c2f942c449d884ffa6265e12c633894411a09"},"cachedLocation":"mods/mcw-stairs-1.0.1-1.20.1fabric.jar","optionValue":true},"mods/macaws-roofs.pw.toml":{"hash":{"type":"sha256","value":"4a7a7460f802eaf18bb298e31c4925a38e5e649ff11b08c61a5f88c03b886749"},"linkedFileHash":{"type":"sha512","value":"0c7f5297750d4518b11a48fb87c41360288f239dcca12426ed39a500c23d7b2d9303daa2f488bd08dc8d7cf5260d6d8b705c89ec5e4477506d545ef8a0b26ece"},"cachedLocation":"mods/mcw-roofs-2.3.2-mc1.20.1fabric.jar","optionValue":true},"mods/create-fabric.pw.toml":{"hash":{"type":"sha256","value":"7d227ef90b1918ceb348ade235a5d17c7894acbf387575e96c08920a5bad1bbb"},"linkedFileHash":{"type":"sha512","value":"73ff936492c857ae411c10cae0194d64a56b98a1a7a9478ca13fe2a6e3ee155e327cf4590a3888aaa671561b4cf74de97f2f44224d7981b03a546e36236c3de2"},"cachedLocation":"mods/create-fabric-0.5.1-j-build.1631+mc1.20.1.jar","optionValue":true},"mods/create-ore-excavation.pw.toml":{"hash":{"type":"sha256","value":"62ee505db03ae305933198e59250095ca5403b65abf02fbee6d5216e02d5c10e"},"linkedFileHash":{"type":"sha512","value":"8690a12261bee7db1b75fe34148fa49fdd7d18ffe9ade97ea0273b3e5a1481ad53c1b015173032d884fa93f62831d24bfb04b89e32230abfeea19383bee89490"},"cachedLocation":"mods/createoreexcavation-fabric-1.20-1.5.4.jar","optionValue":true},"mods/sound.pw.toml":{"hash":{"type":"sha256","value":"e53888490a33ad3127b09dd98ce001e579cb6c205a99a1e6e0424ab9f5b862c2"},"linkedFileHash":{"type":"sha512","value":"b2e872a0e402135f7944bc8f8956dc4b6649469722f77ac8eb7ed12ae57d74605fd837f7df08f72d6850ee4e3347f7fca2512c92187072c9dc648fe3a5b8fbf4"},"cachedLocation":"mods/Sounds-2.2.1+1.20.1+fabric.jar","optionValue":true},"mods/figurasvc.pw.toml":{"hash":{"type":"sha256","value":"8011022c9f0269ef9f5d8e323b08aba5a31a637327950fc1c79456fb5d9c9009"},"linkedFileHash":{"type":"sha512","value":"8da795da0576962ad4a5c2df0031a64f3d25beeda1c8bbac928318c71afa9a4485fee060b81eb4b4a66c6d2e444e6f1283eaa2abdea1c2efb4b79a2eb4882ea1"},"cachedLocation":"mods/figurasvc-2.0.1+1.20.1.jar","optionValue":true},"mods/terrablender.pw.toml":{"hash":{"type":"sha256","value":"b3ae602303fd717bff2344bfb89aa427e2b4a1ab5fffdcc25183b22102c492df"},"linkedFileHash":{"type":"sha512","value":"a2d5edbe9df43185e9c83ab426cbcda4b1d0537d9ede8be630d6d650e04d5decf574ef59cbc163913255b57784fa906d26557471fc698e0f27ceee2a1ec41ed9"},"cachedLocation":"mods/TerraBlender-fabric-1.20.1-3.0.1.10.jar","optionValue":true},"mods/create-dreams-and-desires.pw.toml":{"hash":{"type":"sha256","value":"fd2c9cdc0083b93038ce74132c66078e8e223722c4fae902ba4bfef28c37ed71"},"linkedFileHash":{"type":"sha512","value":"51cb4ca9118ca81e42754866c83b1919e303329c004d3e7e4052bf36cf765ae056411d7bbf8b42db17356b35085916cffc5a53cb03efb7791969d03ba19bfa8d"},"cachedLocation":"mods/create_dd-0.1d.jar","optionValue":true},"mods/create-new-age.pw.toml":{"hash":{"type":"sha256","value":"2c65b7ed826a2d147f0eb4788152b9f1ae878e0df102af58a9ea23ebd1c48f04"},"linkedFileHash":{"type":"sha512","value":"a94c20d349546a774a89265c56650e547de353af7e8eb8d7ca7a69033570bdaa7c8d478edda3a6c50379d64d708c3ffd581da4214abc3930694fcf8462b03058"},"cachedLocation":"mods/create-new-age-fabric-1.20.1-1.1.2.jar","optionValue":true},"mods/architectury-api.pw.toml":{"hash":{"type":"sha256","value":"e12dce3e543168379a2856c66064ee2001e6420a9dfc6163f37b78e518947456"},"linkedFileHash":{"type":"sha512","value":"4cb8f009fd522d68a795d2cf5a657bdbe248b32ba7c33cd968f5ab521e9d60e198f8a3f6c50e7d960a2b8f50375116be0db1fd44b5710ea758697d8ea70d15de"},"cachedLocation":"mods/architectury-9.2.14-fabric.jar","optionValue":true},"mods/yungs-better-dungeons.pw.toml":{"optionValue":true,"onlyOtherSide":true},"mods/macaws-trapdoors.pw.toml":{"hash":{"type":"sha256","value":"d8bab44aefed1f0b3cc5b191d0a18a621d552369cea2c7c311337193e9ab30be"},"linkedFileHash":{"type":"sha512","value":"82da8d3cd3c34bfd02a7d71f1bbbf803d7e54d3486a7ec7428218f54ee6b817e9f8e5cab77714666d17dfcab0bca89de4e244aa51c760d3307bf856a3a760642"},"cachedLocation":"mods/mcw-trapdoors-1.1.4-mc1.20.1fabric.jar","optionValue":true},"mods/yungs-api.pw.toml":{"hash":{"type":"sha256","value":"95940b5fc72e8df82ab3adb72b43d10a37e6d926fbb37c405c9fe50bda27a991"},"linkedFileHash":{"type":"sha512","value":"90fea70f21cd09bdeefe9cb6bd23677595b32156b1b8053611449504ba84a21ee1e13e5a620851299090ce989f41b97b9b4bdc98def1ccecb33115e19553c64e"},"cachedLocation":"mods/YungsApi-1.20-Fabric-4.0.6.jar","optionValue":true},"mods/cardinal-components-api.pw.toml":{"hash":{"type":"sha256","value":"0ed502ad7d53ca1936079cb7508b2e085909610ac51337fff2a3ce0fa6dcae28"},"linkedFileHash":{"type":"sha512","value":"f20484d5bc780bee9b388ff6075e7c3bd130c7f8cae75a425bfd1fb68d03ca19288c09b0729992987fd32f3a2433b49c25162e086de82abd8d06ee45e4e3c917"},"cachedLocation":"mods/cardinal-components-api-5.2.3.jar","optionValue":true},"mods/lambdynamiclights.pw.toml":{"hash":{"type":"sha256","value":"85f465bc8bdcd62e413c8dd8e7b41a07b1f0adb4e02d15fb17abe0072128759b"},"linkedFileHash":{"type":"sha512","value":"bcc479e8564dddb032e187e1eb169ff02575c2924c41a2572d8877dc3c1b063448aeefe8374432ec971a2868e73832af463411845e4c0d2f271e4e98e4631189"},"cachedLocation":"mods/lambdynamiclights-4.1.4+1.20.1.jar","optionValue":true},"mods/create-structures.pw.toml":{"hash":{"type":"sha256","value":"916c17614ec51da73e173b7249118b473e479c370a48378bc7f91eb5e5abfa9d"},"linkedFileHash":{"type":"sha512","value":"56d693c501b655d52dc21673efe003a99feedfa44cf89afed82fae97c1d6be8fd2c8a9d0c8f126ecbe37116bf2a4631b8bb725bdc870a3382e4791c49cce04b6"},"cachedLocation":"mods/create-structures-0.1.1-1.20.1-FABRIC.jar","optionValue":true},"mods/yungs-bridges.pw.toml":{"optionValue":true,"onlyOtherSide":true},"mods/corgilib.pw.toml":{"hash":{"type":"sha256","value":"3681a4dd6134dc64b5af240379c1f98023b2217fd6af8c08763d3228bad01fbe"},"linkedFileHash":{"type":"sha512","value":"87b8e51d25cd979263b4c5097d4737dd329addc8a8e3db6d57ed58e16bda90e97b9d95b6a593cafe8dc9d150b3bc92014f43add8959bf4b604c3e4341d7ce972"},"cachedLocation":"mods/Corgilib-Fabric-1.20.1-4.0.3.4.jar","optionValue":true},"mods/murk.pw.toml":{"hash":{"type":"sha256","value":"bd27b80555c61403086f14bd1f42780ddeb060ecbcccd8e594255e7bd9b5a9ca"},"linkedFileHash":{"type":"sha512","value":"5cc34f75a2f73c28e455b35cd89d9ed4f8b244cd9b88686fda0f724e0ba07b310f4efdbbd868fde96266e3f49e6118781a6d8825450dca2b193e238f21ed76df"},"cachedLocation":"mods/murk-1.0.0.jar","optionValue":true},"mods/interiors.pw.toml":{"hash":{"type":"sha256","value":"b9fa4052f55fb11d52dcd0825cfa1b0341b741b1fe9029fbcc79abede25ccf56"},"linkedFileHash":{"type":"sha512","value":"4f6a05e390a2285d4ea5c481ccb176f90221f204d43b7e77110a473f1580f757fd688d7f694e1df207728db4f7c6fead0f5e8eb55659a5d6829b5aa6668d5cba"},"cachedLocation":"mods/interiors-0.5.6+fabric-mc1.20.1-build.104.jar","optionValue":true},"mods/cloth-config.pw.toml":{"hash":{"type":"sha256","value":"41a3dc271859b118417946d2fdb2408523563b2f4f49048073672a342fb1aebf"},"linkedFileHash":{"type":"sha512","value":"2da85c071c854223cc30c8e46794391b77e53f28ecdbbde59dc83b3dbbdfc74be9e68da9ed464e7f98b4361033899ba4f681ebff1f35edc2c60e599a59796f1c"},"cachedLocation":"mods/cloth-config-11.1.136-fabric.jar","optionValue":true},"mods/create-let-the-adventure-begin.pw.toml":{"hash":{"type":"sha256","value":"69755afa430f04c86c2b38389954be71a84f0ecb4eff2875b574aab4bc064bbd"},"linkedFileHash":{"type":"sha512","value":"c781a2c15b6d2a160a1777b1beaf1eb65de4b5518126c7a86d071d425d2854f20caa2648ca176e9326f3e05ec93cb4ec6091874427bbdaca018eb23dfd924f90"},"cachedLocation":"mods/create_ltab-3.0.0.jar","optionValue":true},"mods/createaddition.pw.toml":{"hash":{"type":"sha256","value":"76aba8d8cc62f325d52613c1b66d17dae77dd1df918b1153fc2bd5fb80b42a27"},"linkedFileHash":{"type":"sha512","value":"f4ac98d196cef9cc0bfeac7d4070a60376b83cc5c441820a2d602443e7726aef8101fa5bbd5b60ea10ed926fc2770eff3fa5dda695268d1a96f16f4399b0bf77"},"cachedLocation":"mods/createaddition-fabric+1.20.1-1.2.6.jar","optionValue":true},"mods/frights-delight.pw.toml":{"hash":{"type":"sha256","value":"18420c780137cbe7ff81cf8f13eb69178dfdd8f46601d436a83262f85a4410ab"},"linkedFileHash":{"type":"sha512","value":"c76023805531efce5172ba3929976bf5c3d9727207e3c73bc5220669c936e4dd8c8deb65bdb754be446a37199c1498205e79c2959da8142a292f202be07b2487"},"cachedLocation":"mods/frightsdelight-fabric-1.20.1-1.3.4.jar","optionValue":true},"mods/simple-menu.pw.toml":{"hash":{"type":"sha256","value":"254034d504362bf48c6267e60b83b227c4a47a42827f592682939d9879939451"},"linkedFileHash":{"type":"sha512","value":"aa0279d44bf481191a2450cdffdcee8cd09827b7bb2c201fb738f6a01ebe8751fd9ebc1552d782caca3ee562548017759487d2b20af38e9c10738ead33a1cf7d"},"cachedLocation":"mods/simplemenu-1.20.1-2.0.jar","optionValue":true},"mods/coolrain.pw.toml":{"hash":{"type":"sha256","value":"dd3c03678a537da1f286dd617e8d127b76b778a207864a5b1c20813bfa7304db"},"linkedFileHash":{"type":"sha512","value":"f73ff9ecbca22ac59c2d761beb9d055f6fd47bb2cc0b44271ca9a0f962003767c0c19fd50fae87b1801f7dbc026b6b3c8841ebe495886b522b7dbc7baa537447"},"cachedLocation":"mods/coolrain-1.2.0-1.20.1.jar","optionValue":true},"mods/nyfs-spiders.pw.toml":{"hash":{"type":"sha256","value":"0e4b66acb56a69961e0324eb902df9f490b8681b3d3f99ac3f96bb1b55ad1ba9"},"linkedFileHash":{"type":"sha512","value":"1dcc8d6200823c4961c753eb0d8a884ddc7d13b86d09d2fc4500af471eef8b2fed17b8d4e947c4338f582286f6d140d9f4ae09c151c24db541ba80533b0d5f9a"},"cachedLocation":"mods/nyfsspiders-fabric-1.20.1-2.1.1.jar","optionValue":true},"mods/jei.pw.toml":{"hash":{"type":"sha256","value":"a615fd6551b3d47e2d0e42e4ec30df6293bec90c135f1022113425ab8f23f7a6"},"linkedFileHash":{"type":"sha512","value":"c13fbab6764aec7f8f29eace23592aeabaf2adf1aa03af73e996aeceb2d553485fa94b6162874464bb3ab41e70f3448ed2c42553eecbcaefa682f0fa015dcae4"},"cachedLocation":"mods/jei-1.20.1-fabric-15.20.0.112.jar","optionValue":true}},"cachedSide":"client"}